,0,1,2,3,4,5
0,0.09080252465285199,0.8596531954689235,0.17655411659170472,0.11469448720484365,0.4410065674159994,1.1068805493647607
1,0.9184995221645568,0.12272472661182876,0.8319701466248132,0.462650906963326,0.40903493369475974,2.8356841233905876
2,0.2697948864727233,0.5195934669413287,0.8535617045824143,0.9731769818177384,0.6218254628896772,-0.2705109857861032
3,0.7108055985550619,0.6588970894806501,0.2669492441030691,0.8148992285620891,0.5871617881436011,-3.5376529313359057
4,0.044288187180584915,0.097486884582215,0.5985847312419302,0.8045012192337497,0.6457858002446091,-0.4871062729217752
5,0.8654232523676234,0.6942859741543771,0.14428432071443975,0.8280515565621892,0.9406095352299528,-1.2098737852978894
6,0.2899386984111926,0.39567648585802584,0.6047948622714296,0.20340336658568836,0.7490607642549055,-0.0195663555394735
7,0.5168861797778106,0.4243019391341072,0.4456584219120635,0.6104155983839986,0.8970362429321452,-2.839886251754632
8,0.4494964725361934,0.35577813430854244,0.5386019684090692,0.21825585688638882,0.004529758176605503,0.3321591655535243
9,0.39346318026208105,0.4050046081453128,0.8370047825059467,0.8898825155975438,0.5591724341022308,-0.5700292516686578
10,0.07061263058774658,0.6840901020337867,0.9277368279164384,0.6371146411522025,0.18986487455530177,1.1265496639709278
11,0.7585816257705558,0.08441412824399264,0.023192836791894544,0.5185866655659069,0.8393871985885417,0.43936397548699613
12,0.423568031118551,0.9693248216698028,0.7141126761226876,0.46205764121471227,0.4224929081753783,-0.1750945312169205
13,0.5531844584148342,0.6915534060981375,0.3076740259322107,0.060391560392529464,0.025231275582943025,-1.8086242843121747
14,0.190614130629439,0.11928132148533777,0.48581361817355995,0.07237501723308071,0.09579403500570327,1.8007968916577486
15,0.4014636379101504,0.677275178419334,0.9446486258606186,0.6493734285775957,0.0761243317409499,-0.8779515297761601
16,0.7028584214504487,0.8705865611618693,0.3905005964158341,0.6326072958211986,0.4694041651816583,-2.920195495669239
17,0.2645445227357981,0.540726206291747,0.5697125205689849,0.3619967826214421,0.5359361880306225,-0.8044119939731778
18,0.7950262580970797,0.10659437146659356,0.05563989484851761,0.9011127105738136,0.6812753817497319,0.09449262938046743
19,0.8579902727318818,0.756968617685309,0.079434670951961,0.8230245945482655,0.07841480931084155,-0.0677479525213387
20,0.5491889200645728,0.859994874550501,0.0635230163557593,0.3054165727454632,0.20926759188040545,0.8949202616936683
21,0.8099094541454168,0.485072199915622,0.7072708260938032,0.9532823930276219,0.03532688015326124,0.6528085642723022
22,0.4063823419036824,0.5971364784289652,0.2529237343043661,0.5666040705508336,0.4777313388016514,-2.6778236857366995
23,0.49778840950243686,0.3688140405019499,0.40323313606146727,0.1051339110427777,0.20933603760827946,0.29849559771340295
24,0.5087636261722743,0.6125658912038928,0.3035303888079818,0.7531649015314865,0.26679335187959974,-2.624210038698553
25,0.17183123564451652,0.9600163856447474,0.3454081415659156,0.2305389369719757,0.823556376254442,-0.018836891834194236
26,0.9323107553429177,0.9660074946743676,0.676033814255477,0.9818350849389771,0.5149391682781528,0.5623557757112001
27,0.8289295405978802,0.8046600276941855,0.19665491421573822,0.24137234493381843,0.4273809768686011,0.4498657007080753
28,0.7774728492303487,0.2162595517484065,0.8551031959701803,0.960940655662241,0.13683630148958703,2.7390812808832705
29,0.9710918171316648,0.5272591533715686,0.32422963601834776,0.09162507380092144,0.003325792659052307,0.6771012444235163
30,0.07349735589905793,0.11431733270223787,0.7855798652105592,0.8859863562524298,0.5776225708920367,1.2138038870128551
31,0.6391904380530012,0.9067828963525864,0.39511485822604164,0.4114474632923629,0.33531015064331926,-1.0276837671397328
32,0.02594314910219009,0.7541748733807812,0.6605051454020985,0.6789493414817952,0.22606629521349764,0.026037090555522502
33,0.3108979854668099,0.9283893084369956,0.8031966321967149,0.025430574541132178,0.46979361132430686,0.5425801866808047
34,0.8666724907529694,0.9024191718373406,0.07902888300944566,0.9462852210091118,0.09152049171577081,1.266441105116229
35,0.556997359276773,0.38470582685161125,0.9337232520746473,0.8633738742883512,0.8221004917676081,-0.9064445845677078
36,0.11988113281510615,0.2837015166046073,0.4891997250650961,0.16365737987693996,0.9458634459431988,1.7183894724447883
37,0.9325059530983444,0.16693531969569197,0.6830370510716876,0.8133524085302836,0.869966555237775,0.5319323807664169
38,0.8182583612073793,0.9614499696379077,0.058960218128642716,0.6880700794794032,0.6825949378228428,-1.0890035716514568
39,0.46313259090991454,0.894817677395068,0.5791613422327404,0.3769026422824804,0.8710154173681579,-1.7613544370644774
40,0.7309033055564031,0.2974325351070377,0.1533854606969295,0.07551944824527079,0.9084880759626017,0.9607120569787859
41,0.4566947016006966,0.7615705407550123,0.8857898200340034,0.847102914954474,0.13852702491006075,-0.6770408885233722
42,0.12361604922620639,0.2670270391507712,0.8348980508574613,0.4849701351503529,0.304823016772954,3.3823478907666185
43,0.8904206257549352,0.014227306953583874,0.06072373676771092,0.3623460045498801,0.029024624486552297,2.705096046906522
44,0.5829758202908606,0.1961398310454282,0.6971974330640874,0.4361542746214149,0.9492008029435899,0.464580575730249
45,0.8810643413369479,0.7102052244527666,0.6550226760131534,0.9847693656005592,0.945298362715984,-0.46870930950365336
46,0.5505765494286174,0.961898739566009,0.5596181344703457,0.2615968949213039,0.8749321295089177,-1.112134448032243
47,0.7986522285162219,0.7527703944493864,0.4944597268807608,0.5359018852430079,0.9989164320419437,-1.807461190630144
48,0.4352358869140224,0.5401927935329683,0.8270443052350969,0.8081711860164208,0.5105692605078663,-1.6855526218690653
49,0.4463048925181672,0.04378442928358939,0.48814791267567137,0.014497322162918769,0.4496156039032526,-1.0192084169466604
50,0.16377363535037048,0.7812900867327236,0.5705027401983082,0.14345430041212692,0.1502756819093678,0.9957296100387367
51,0.7447746992349874,0.13500350937499894,0.08853215215186161,0.16685544232653327,0.9321501401007599,1.9512465621534452
52,0.21951645215853777,0.09787150954815982,0.49015076025259496,0.9464671239203284,0.007896966721953502,0.37142476063877194
53,0.8451676373737167,0.6327337518549138,0.43761149039306524,0.5656636094649211,0.009084150204239694,-1.6519698341472702
54,0.7642206722008552,0.12726068922921863,0.09008953128177655,0.6565612782524761,0.7573516337071646,-0.6094364974930611
55,0.4697260800426736,0.38000006952130416,0.5963270628504801,0.5138469529733759,0.820286031096064,-1.8477336170831147
56,0.22333673184040892,0.01811383291454638,0.34423635704960065,0.2637672769764371,0.5196394713409879,0.3537207505371545
57,0.27695640055281223,0.8342715802068112,0.9245901424125313,0.66335856657381,0.6351804482480788,-1.5449898057682985
58,0.4680962989181646,0.6060368490616308,0.4015230510729628,0.6169824804237922,0.2605439156690643,-2.5500317787032616
59,0.7747297410707269,0.05975198074010657,0.3423942984240995,0.7924547176202342,0.29874531216746225,-0.42671977317428644
60,0.6285727944279776,0.17759588461654152,0.4063727328183816,0.5412921081434743,0.5059473657475491,-1.5535701247472211
61,0.9167834826025597,0.43918021244140915,0.9974049555570009,0.1324143849490682,0.8489104589639775,2.0053199835875324
62,0.3310059421422924,0.8691456600454412,0.28832915439513407,0.3385443658948266,0.5668819079257481,-1.4603529016157015
63,0.9205039491299989,0.8474977182773125,0.9400857199125028,0.4136187743001033,0.898917999552636,1.1589037124335557
64,0.32677033896857455,0.2312672127678691,0.6750135570129788,0.9373237065747787,0.6650290991854028,-0.4704770489399487
65,0.7349448182194773,0.44689218411296083,0.19822687718059095,0.45243142924742685,0.369209018433482,0.2818948341196489
66,0.012083602335904886,0.1479788201058423,0.6231714463451324,0.9670399996335778,0.5859133090217005,0.8446187289295943
67,0.8411170645615287,0.7932981875440327,0.5746079373686664,0.691769222045691,0.9696406492989618,-1.9100548464900822
68,0.7136417608900253,0.8052526493959754,0.11357509730881132,0.4562216557713322,0.8067002557434878,-1.5687647548698331
69,0.8677628277246703,0.31591691026991897,0.10020337537494062,0.821659532472556,0.8680716885724024,0.401369320148935
70,0.8130250868970885,0.6756869502505188,0.9974611758193286,0.7138766151287054,0.6328803931485404,-1.7837673415403135
71,0.2879292767724292,0.9087069278470034,0.1873714303635201,0.08047602383674057,0.049425929366676,0.6643432739446826
72,0.15218436705618366,0.41332678697317027,0.5001545211871977,0.197306811311455,0.023297160242370718,1.5561077763063123
73,0.9036821207252091,0.6722754949294995,0.17996295579053767,0.40236744462065344,0.6903735694515953,-0.8908774751882007
74,0.47006086144100834,0.005127281037042741,0.7107077271793772,0.6465166892412088,0.478405907717513,-1.431574726195823
75,0.023871116975561657,0.45334663859976,0.514204206399822,0.17489384756001614,0.6170898943461609,0.3245998091448653
76,0.6280479749575268,0.3297288517026655,0.1326547356190665,0.7920020345702957,0.4583891732884394,-0.8052202973298909
77,0.3692745073475102,0.540156974087941,0.22969672452086276,0.031435973485966384,0.6275475689609151,-1.9442427178143098
78,0.8830874565850948,0.7612119453652421,0.8635821648987809,0.2787571172503467,0.4652783880790371,1.4722964994377017
79,0.9948986650412083,0.44156064745389967,0.4281571134011385,0.8967359115457674,0.18531914950935224,0.6236415072682706
80,0.27193064463054184,0.03070379322254735,0.35059063079449826,0.9890642597821763,0.8908167195399112,-0.7541648866454866
81,0.8949109398983488,0.20076083792341592,0.8976658319638146,0.17410882936983618,0.7384870639875313,2.630718954348811
82,0.3083262452861595,0.5065205453572105,0.358010276786656,0.31065582802809677,0.13238070593402396,0.36904648407831964
83,0.7162951337891558,0.4294897841306011,0.748163385757702,0.11564862958908018,0.3217596906038669,1.8129323457882573
84,0.08369414943862008,0.3379534812704894,0.5850437740782195,0.7580018550455594,0.08594331021211188,0.9101717662789848
85,0.29964974180813275,0.49938414952388355,0.5492428038778665,0.10837714817979693,0.1736475851252668,0.6797317843389761
86,0.9154294470499856,0.332416201099087,0.16273037076409325,0.6621851030871929,0.40688927933045305,0.8791233346793222
87,0.30552061117474416,0.14820558779371218,0.8517477297776884,0.7600654823140495,0.36790570605243245,1.2002932399372137
88,0.41479168804710265,0.6108557153772618,0.5603580560018476,0.767422494609194,0.8874260823029729,-3.5506585362890557
89,0.680808561429917,0.5566309725774408,0.19081013410554426,0.492635933175954,0.6248143327158077,-2.2692249626300645
90,0.7007374497258497,0.1647962740098734,0.3841900975998904,0.2833900808520319,0.4406525280707849,0.5233825856237795
91,0.4479817384353323,0.8537825997220969,0.6266602756871356,0.6468595580592778,0.5422213788928727,-3.1654528069242898
92,0.5631353881328343,0.8621822264959418,0.9932039128927297,0.2704085354161969,0.42635806721863856,0.45414256453265756
93,0.047115809317256674,0.5926433534479374,0.475587985719355,0.36741779144116404,0.8398700775090271,-0.6946948681315304
94,0.13573952379562848,0.2492983912320379,0.5476846914453841,0.6319031830002546,0.09596704157533609,1.0227976900792
95,0.9924895221022221,0.8194415549078585,0.3643433753518731,0.5358179014904769,0.8487582385432505,-1.7271734382369253
96,0.5306436660908782,0.5531994307182614,0.5589967856491401,0.9521178711208811,0.6377183302658308,-3.23789566270087
97,0.9468640989946305,0.0510557117874777,0.6425595960764413,0.06977822602582873,0.6350645217948434,0.8945670197694064
98,0.32736328341172416,0.010346318674751331,0.6480219344804641,0.08200498722769989,0.5687456920366243,-0.17045587305471738
99,0.10162016684067199,0.9490020669219416,0.0398899512814993,0.8930351036596483,0.08669152391586021,1.778246708990752
100,0.08665466682906708,0.033925861323721995,0.985892162694969,0.19166162930805286,0.7163048847614473,2.2593658783150907
101,0.6440189660035587,0.3340977853994739,0.06643243405314114,0.36546823730915956,0.6509678511960345,0.25717408558064103
102,0.7590210567453933,0.8888835766062471,0.14699149188498106,0.4643071651599009,0.05069799696712418,0.21213096137201948
103,0.9911222382520648,0.4802385894028637,0.48684196401224566,0.327114177679508,0.9884091235589982,0.9772323419053901
104,0.7953638415231744,0.5811053751508488,0.3501044010993417,0.5624266807844642,0.32332806244134593,-1.275115767208162
105,0.018296799566558053,0.9624327040630608,0.15153202262926313,0.8682065749053249,0.8646855645029817,-0.054512328185524095
106,0.4306945360685652,0.33183936215882914,0.34345673319855097,0.3934074863489381,0.5252274665768223,-0.9248812952421404
107,0.5588721266775415,0.22295499265478358,0.25198151333907304,0.023924378316377726,0.30697009747801884,0.5987819950309479
108,0.6164470090523855,0.34345820681723016,0.5117668522751827,0.565044915595135,0.5598970223273178,-2.154216643870068
109,0.22763627990474256,0.08662119915407474,0.7536965624726976,0.1930034842881695,0.6470917554876474,1.5759243509607068
110,0.08613251053260118,0.7079797885146358,0.945341298007235,0.6330516860653567,0.6455909467195365,-0.8501440275062571
111,0.14088738914414534,0.06430884408517545,0.5644989255213018,0.9173765859240308,0.17490843295509706,1.382807496764455
112,0.16506306328469522,0.12233405574143508,0.5123776371679417,0.37228190115843207,0.2604580129361245,2.2148896923903223
113,0.9152934010041073,0.10938327327514996,0.5730097808589033,0.37152259925015185,0.5004623354111869,1.31730618491973
114,0.17421305322467806,0.32928293256353514,0.7013903456643708,0.10200413732502644,0.6005957893592483,1.4733784628236934
115,0.9513613361079959,0.5342059718868506,0.4009772751825722,0.8770906856320316,0.3277359178597238,-0.42216925679627704
116,0.308819397823484,0.04044571444778744,0.2236471457876691,0.026843742398693027,0.020853437719085988,0.6628365639635152
117,0.7684768413911703,0.3565541728559024,0.610704638813662,0.3890460626097223,0.12359274523987895,1.6029463833990434
118,0.7851929911219885,0.07967069338971922,0.7157586202855082,0.39469401210462807,0.4003567792331686,1.8323776447127142
119,0.3829323973387623,0.20930912262876178,0.12415800309411906,0.8158462410130898,0.7687740913158162,-1.1050447333743387
120,0.7309100752883003,0.8602907742571155,0.8093448927381381,0.21665144102402556,0.48761122818987046,0.6727125869419981
121,0.46894281258572945,0.26158651956364953,0.8888269690465586,0.9791792231910003,0.10897788554718468,1.8545317536485824
122,0.4719459336513254,0.8499435694628471,0.11358717306581623,0.36745568725400946,0.312645971984401,0.14853896195098326
123,0.28577480399878197,0.3477961804966677,0.39804814792142185,0.8049681479812983,0.5398566028077743,-1.7807643781007756
124,0.34440442256010284,0.9009310620369565,0.29241357063022244,0.5094307831584692,0.258322718215541,-0.7531238193068844
125,0.6062640854287903,0.38584752516507115,0.8297990055264429,0.913420809873752,0.1907840109421307,1.0439966519557187
126,0.6466657539516647,0.3153113144787153,0.1790079741790832,0.38045627877268806,0.20217912026577056,1.5510899270816205
127,0.53892658204599,0.4876344439767778,0.22825668170395175,0.7024592426214403,0.8248012514880056,-3.2437484151515417
128,0.504278496254161,0.27937995258371584,0.6307544092913687,0.4257330383070206,0.1026483319086664,0.814164265560275
129,0.9011145471829054,0.2975039675754153,0.2428583807485336,0.199891965678898,0.15362007372506747,3.0369332975175904
130,0.7753107570146204,0.717454527810862,0.6753428456457686,0.9852377580388202,0.9540551403767359,-0.9031836181469715
131,0.0005258492757930222,0.17895430321956907,0.8585335607569452,0.6922863336907763,0.3950943484997793,2.275044583169829
132,0.16248273058409524,0.17928682939950624,0.6236901868337327,0.36271380062239267,0.9160763957492115,1.7973854762271702
133,0.5426233111264026,0.6106166259135258,0.28871352479562584,0.045771168480574054,0.4756749827376334,-2.209009924358468
134,0.5814620821705205,0.9829806790111086,0.07402294914618324,0.12236971498526394,0.6156651973184263,-0.31779143040485847
135,0.31277034794419745,0.5464431757041501,0.25826749447519415,0.5544539310413595,0.13029214085493557,-0.8387132174244507
136,0.7707538221700186,0.8149628118536768,0.6511163716582946,0.093036297514841,0.2166679084192119,0.7211887791947988
137,0.3650766555575289,0.5613213671843409,0.07809480318129625,0.41061567965531387,0.29382050035776897,0.6690145511168383
138,0.7277176336791745,0.5533487287026205,0.1153752744752009,0.6145654315124907,0.6734588459053685,-2.2835898097147194
139,0.8704486333233272,0.728907758684502,0.8087923305560478,0.09424318582805336,0.9079431208097177,0.7261511825864193
140,0.09476235310673431,0.45878617966488766,0.08986852700398473,0.0018376418766955505,0.7054155216205052,0.562009893048714
141,0.12618686498346565,0.20619946782828735,0.5090291957807445,0.19060959494387764,0.40758897366399727,2.2353554958986463
142,0.3442867710420713,0.38190991099100424,0.3659837737467242,0.38919112306074477,0.1439636873050144,0.5810347789632078
143,0.8530311882532509,0.25604963662323066,0.9128222347641264,0.07521963623013994,0.14857989158811868,3.9393116008163793
144,0.8019491385341414,0.9806585526787343,0.014544171187649613,0.07497145612336709,0.37664466865935453,2.1286160179366798
145,0.8855322052299538,0.16711843127432358,0.8313915265098742,0.3294231836297038,0.17268740723397158,4.2209014907472024
146,0.907634063657077,0.21844062577957313,0.20846632682258104,0.007711151591665022,0.005539006455647644,1.9900800902742293
147,0.06715292476069801,0.12660719542597265,0.4382586658809592,0.667497453095136,0.4780087613230124,-0.25013732184590687
148,0.25110329229259476,0.9955895326589453,0.564715892449185,0.0010324351244848096,0.6665091853410984,-1.037321380034606
149,0.06814627024586517,0.4190982626657692,0.19245905744392944,0.9597818833123327,0.6014936708587132,0.17126239333738624
150,0.2865061495717207,0.8468551156098577,0.2371470318647776,0.264643308952354,0.6650760049197791,-1.139347996546555
151,0.38731134707923354,0.8591027983992273,0.2335919693441385,0.6439511819423632,0.2716267800587171,-1.6008549631449775
152,0.13547466024747457,0.8036710925652607,0.5576249283941154,0.6747928696928691,0.352271082369498,-1.0485379861544024
153,0.2078810458723227,0.8498113510713583,0.5728532800893811,0.29025204100933866,0.7865698279308786,-0.7236274850628229
154,0.0679093855541183,0.20719020081863926,0.6563815579965835,0.1427872621944135,0.2407313227957254,3.739338932161793
155,0.37284270876285197,0.4298544439872797,0.7883872950357628,0.5457195757704447,0.3063614501243377,0.7030936011520268
156,0.4941607298787656,0.16326438113547515,0.09375134233192228,0.8954183939141857,0.23141116909497683,0.9208645827503315
157,0.8638585988261308,0.8515559105513492,0.6874607616893044,0.6824093346640907,0.044677246648939906,-0.41841113441895317
158,0.8706113455174349,0.3918152810722061,0.6870333222941246,0.7641556100601413,0.2880223635271606,0.9879718635399407
159,0.10631621476326247,0.6093092756300064,0.48659595597426286,0.3204596471808644,0.49416674901789315,-0.2496721399563237
160,0.28909267156289475,0.7634907148714374,0.7236084644850916,0.20012869647778342,0.049123760643208114,0.885820840841477
161,0.6164144923493374,0.41761206291384123,0.9218049823163984,0.6738836712740641,0.9149147189338284,-0.7607416619517919
162,0.14517666114183758,0.4637619786977185,0.8095960221278133,0.7921488324387919,0.31573685818745756,1.3554113546214186
163,0.2267196027263082,0.9276109978925805,0.1934697665706353,0.28379683936948263,0.7371106272459065,-0.1019020294961317
164,0.6431380419405471,0.6703914596396642,0.1175177611490158,0.9754633041155674,0.44474307180171746,-1.3612770158353154
165,0.7746475000364668,0.4905671324620273,0.4301909761343823,0.5008760771363486,0.027478864286994975,-0.9036982738937309
166,0.19447159779298662,0.0729238029161895,0.6309924978239104,0.38863152689077485,0.7363258475936635,0.46347729279832106
167,0.43984464511992494,0.09996254091528278,0.37088567592118216,0.6579187991846194,0.9106283681751266,-2.21803276775266
168,0.32914304718607656,0.3351280861169419,0.014893002901004149,0.669074800063063,0.013022819459112878,0.6495142597462782
169,0.16015937289876403,0.3043112565518581,0.5680182096872229,0.027646792530744868,0.5343039578197882,0.7586702304762367
170,0.8575777024987409,0.5033907825051958,0.08283564775920216,0.2636773216052545,0.8303920997213561,1.0008286348743107
171,0.9994233137635254,0.3186103931523212,0.1895967635752258,0.2936691457595978,0.2584915421699473,3.4778001900785105
172,0.7414072459559211,0.0031012582191854987,0.26941806960572356,0.8599411690903659,0.8029129634354927,-2.048940026292289
173,0.3116179732425457,0.17382510565750564,0.2194213261486061,0.026313676044145917,0.772748607775406,-0.15358444007837524
174,0.41576095193564944,0.9652840392903066,0.8144299624036244,0.49159083923712454,0.04609018283899813,0.5140142178981488
175,0.27700500616286095,0.9377331958109825,0.60633239586497,0.26689989739146347,0.40491291638588023,0.7491802076364749
176,0.7463729746465848,0.9764583915169799,0.41313836296410167,0.5485962209864071,0.4471989058461371,-1.51091823135212
177,0.9425163282248132,0.6347296405535291,0.2715616036892191,0.5071063343429798,0.8336237116009017,-1.512365370093689
178,0.020764821288695168,0.6322156914567487,0.3793631304100842,0.5443480978168519,0.9270299287320536,-1.4293728118129356
179,0.17704373960295283,0.6688346226652071,0.8086559949922071,0.42084510942250164,0.6364542819145922,-0.1667961652883585
180,0.7541099765651536,0.7106041079812843,0.40459279586648333,0.38879973595099393,0.8535414979707874,-2.212649556210077
181,0.46058256859703217,0.6313475668840911,0.4086985970325422,0.3796301811886711,0.6791679138740137,-3.2033749143752006
182,0.9502169556825437,0.6644223315411165,0.4293733592079231,0.38844633721364075,0.548938692960214,-1.1144515338765122
183,0.8992728882069673,0.4634124290936169,0.7832519285190644,0.102653902472718,0.883758377167556,1.63796946758513
184,0.8145365157761054,0.31523781283125774,0.08404013714972403,0.5537248949942918,0.7736302500187794,0.14880704352009233
185,0.1958621350104487,0.09870181741354889,0.2767965510107805,0.5141931069189792,0.8276285014663148,-0.3292483889529796
186,0.8651264158110255,0.2602703974559075,0.7749937459033109,0.3044982034677911,0.48806002122840664,2.762603337638747
187,0.2790101688357465,0.5094621808004023,0.49564354832223867,0.3575716877402615,0.10830614141785555,0.32560149499609814
188,0.7329899220115301,0.6915781344461459,0.17331594511176474,0.7569476483968751,0.6672882520500417,-3.26733062387013
189,0.4806201053552621,0.753783263054788,0.39275198410558587,0.40529297750315096,0.9858001201608689,-2.275040285115553
190,0.7287720085504856,0.8449182222893693,0.6720614186283084,0.24225884718351565,0.5925241643789783,-0.7197000542254736
191,0.030247014914385306,0.3706795019308954,0.3450411037578732,0.9721109537418007,0.21625423700564628,1.6150323466626664
192,0.29464533009144045,0.34521820116457225,0.39266876269124196,0.10765877010353819,0.351256435628995,0.9114643820526455
193,0.5301380156313107,0.6642015514307353,0.42186273282763864,0.7682228209169318,0.5629665484195917,-4.556912611075832
194,0.8799398909318271,0.8382233459056275,0.553894345707789,0.8319498195054044,0.7597570962675123,-2.482285506859386
195,0.29127990246513114,0.25675802455650165,0.8988535482476693,0.2964959044376275,0.5336968928857156,2.2909839822815425
196,0.07275409766071672,0.8107487961612322,0.6834370870498017,0.7778831382010367,0.127103718426137,0.19076036989458878
197,0.47824139565673984,0.21422056977740012,0.8413956936110251,0.9088762006533253,0.27739284461915203,1.4210638671087836
198,0.676410218159468,0.8219517356979588,0.31198413096406585,0.5423332682570209,0.4939149612320216,-2.8154008026418382
199,0.4487587970836766,0.35863672444416417,0.6793938235021935,0.009924174476099168,0.06796786272982624,0.6752207589425988
200,0.013711630611563996,0.5325245624429956,0.888264011785444,0.2784120211191129,0.39420409283995284,2.8578302060788525
201,0.22082147216615622,0.3411002815731713,0.7880518677818735,0.4046681564823379,0.29455418889783325,3.00297949051508
202,0.5986009872912039,0.9862439881414146,0.24398134078231326,0.9824385418378755,0.2008037888784724,-0.17555009878739047
203,0.9275020679703203,0.3851941599795726,0.5142346058386223,0.8654601226342724,0.8400600016121651,-0.8424977651126571
204,0.6886792308058888,0.1977121360701769,0.7137221530312017,0.7745190304746545,0.14215240667843376,0.7240131618573664
205,0.9188620288189084,0.12808492385509362,0.8765857519039034,0.34604559394059475,0.8422118020188412,2.6922157223359884
206,0.6260737318738254,0.4426844097232546,0.0617774306258716,0.3836146288536113,0.574835506467143,-0.2257937256050747
207,0.833943627940417,0.7860887053677182,0.6095551642312393,0.8248965256377808,0.1755451262754153,-0.7332477725041313
208,0.041501637407390324,0.20408934566542336,0.3816442312769923,0.5354241622231363,0.007060166620269537,0.9884023351028464
209,0.9874084033294737,0.4665447880181065,0.3000645666573105,0.08361507959831327,0.07956493644569074,1.5359616724172915
210,0.30272454082434574,0.060283795208315394,0.6374934167666666,0.4646554712047214,0.3225815686830754,1.0439137847112714
211,0.9048122863921089,0.8806278931330649,0.21092745600885754,0.004544283998838994,0.8835655241354999,-0.2912105581254136
212,0.49521728991165126,0.5413079359208243,0.45743405301349926,0.8866571137271486,0.646723824870482,-3.8957289950528047
213,0.216553670773871,0.622319228884316,0.6837787324763117,0.5445030221353683,0.6788008646802318,-1.7687305862633271
214,0.37050957506379034,0.15766428833012813,0.9480316460176177,0.6796229176315275,0.38768832844238155,0.8180184094616347
215,0.14022520933029614,0.3443041481340604,0.6165664171883735,0.4380487982534993,0.28616642611240173,2.2267361796956364
216,0.978097348824144,0.5102759722624072,0.6373213705278604,0.35277360965545757,0.27297395275041003,2.0691871178811208
217,0.46918890013838543,0.4792558531971003,0.04727607777324494,0.3445446600508326,0.6738466366836355,-0.604335350560408
218,0.5201461545000479,0.23359795846901166,0.20784913595027288,0.9926772103287049,0.011867427607077263,0.2046888345900414
219,0.21677777258901576,0.7903217734067225,0.613284571425271,0.45027709645584113,0.06203341757787184,-0.04264661545157189
220,0.6265814659038661,0.3963330956935691,0.023576019747557297,0.23517159338349602,0.6199807889790941,0.5013592986926222
221,0.3545006765704589,0.3570850539563618,0.2601281838757059,0.5328383333189728,0.7329547068418663,-1.7317717395248975
222,0.6216651044368858,0.27877078515367126,0.11934413137412425,0.307802158901589,0.9853382387327151,1.4484765127966786
223,0.5537073040337673,0.4426223563974171,0.528177869904485,0.1812846250202349,0.17651477725401965,0.31374116165088295
224,0.3450589306262991,0.1716130446387748,0.9507872863311823,0.08794838208461464,0.9776917340411366,2.339404546147145
225,0.6852976297606305,0.3197957263934611,0.30290307408556827,0.7373295821887046,0.9951976443280257,-1.2619025760062161
226,0.9910912502282322,0.6913281852193466,0.25377796803596986,0.060253160982023046,0.12347864565635158,0.8457784212239943
227,0.7853672973441395,0.6302078043842025,0.6417322926350032,0.43567617357161725,0.6402118023360663,-1.6582179471204141
228,0.002148457498815981,0.47269014459017267,0.7613863128693205,0.9014305142525663,0.5032944046038043,0.7144854210332178
229,0.40739464188409236,0.02275168172370412,0.0344837401836946,0.8774278803171682,0.13943561283439698,0.7290453935504384
230,0.49502101660648723,0.35937432777052014,0.47927489571876003,0.8233732998647267,0.04204758221590055,-1.5909964309918425
231,0.49657638821624395,0.7864286478078999,0.6106173825208868,0.8528819077771695,0.733479005391266,-3.901214547574737
232,0.13823163331165855,0.6630035701324464,0.21750706419108023,0.7559716193759407,0.9619047403035337,-1.4202112495324162
233,0.8866407951996634,0.1790400428966722,0.4957314264907938,0.4347796803725541,0.5536035032812237,0.39329686200546865
234,0.4143828596902238,0.5647247007736399,0.5259616931098148,0.3148383363237648,0.23586639659956476,-0.3048301438171064
235,0.7019327821972061,0.13211298999286314,0.3623993640525973,0.7641620193969734,0.8473374950750903,-2.114092358647045
236,0.05918809854779039,0.9165639132107488,0.13831204969574606,0.4066992841238828,0.002099681620183258,1.6059396531038739
237,0.5655289897602604,0.15373278141413038,0.3458094117128313,0.7459206633357341,0.7090822508005958,-2.9314098090548404
238,0.7737583226986259,0.9908524555274425,0.8216876535854045,0.7785006893295399,0.01879653712718199,0.4327653092218825
239,0.003257188748015394,0.9869073357579909,0.4785061132448971,0.522537345042519,0.440914780274937,0.005839690244951262
240,0.0005838878626734934,0.4478117770287712,0.5200815969754147,0.6336695271401279,0.08676587180340112,0.18337382990475692
241,0.9735025126188424,0.9787190464189182,0.9359284551738714,0.455401994757049,0.47161649381797677,2.0530204457268244
242,0.1491123320602764,0.04653417896433454,0.8788534438052896,0.5202832436522704,0.5414185936786665,1.4023873950357935
243,0.3632631583175351,0.156483481404881,0.5369769630890554,0.4215117387840981,0.9958396239985693,0.3027847935762493
244,0.7520966258868593,0.3461262301474415,0.6372295780273789,0.8282180355370354,0.46728020308594553,-0.5762410738524268
245,0.1944732601944047,0.5815315108077762,0.021946873758188934,0.2073298540593953,0.9720507052798306,1.7229597530003584
246,0.34874421608960915,0.42588495320496345,0.40601984049996054,0.8917537069241901,0.057443136355343705,-1.096906423907852
247,0.24560557034595243,0.015622118078532976,0.1579802699633085,0.3621939557797891,0.4599805462526292,1.205664241455763
248,0.590543216278013,0.24701574576996477,0.28507851156848485,0.6945919843808367,0.7616179448861337,-2.537263333625127
249,0.7064538096506149,0.5365317627959585,0.5506152524844881,0.09881258873785248,0.35337413966189857,-0.2736034724237444
250,0.31552374624528,0.582368624636254,0.5848174833010683,0.5338925726286844,0.6147222043184118,-2.6185102457164042
251,0.8417779068542938,0.11368500776299229,0.5549141557253295,0.8343772550775559,0.9587466919084054,-0.1860497308115214
252,0.03996828128020746,0.8269258988888274,0.6287506327460052,0.3765817025068058,0.1512598721949835,1.5406883617337308
253,0.7639384254106254,0.4885159120976894,0.26321124154159403,0.04077493470927829,0.48691882870900294,-0.639529037435982
254,0.6957687733162315,0.7998965501737182,0.11605894740768974,0.6078364031469957,0.4156991973636328,-1.5348409930002866
255,0.3561725505334,0.6310085594605167,0.4888832203851241,0.20534703997471282,0.02699848605311439,-0.8042997126205771
256,0.20149732996042358,0.4901965740850813,0.9172040245594358,0.6205841547176953,0.5041480944092284,0.18342948595620284
257,0.02695956694697843,0.29949251412630173,0.9580501379430142,0.8483958612004148,0.23605213855557683,3.079336959317935
258,0.11093702529158844,0.3578940163006631,0.739698404787472,0.9513164512066796,0.5481908862963522,1.1987492699499325
259,0.9666798471874104,0.9046229567476386,0.7788748382371856,0.5325390901177123,0.4928966393649783,0.6242448708380175
260,0.6185743229801095,0.43234955185930934,0.3950182698938066,0.23693972189529422,0.19881646275389997,0.3480704809343821
261,0.7286566404126669,0.41416049920241127,0.41935532459338165,0.5113987005093382,0.9905590504382612,-0.9984744217209331
262,0.6336621042540783,0.24385922229549484,0.41390877507825885,0.22529163399743735,0.267159743877007,1.1113111706327117
263,0.8451836416693753,0.9727016082969449,0.5838188986054395,0.21284793697447912,0.5288662442655625,0.5137521818643576
264,0.32372513995976415,0.02201760082631199,0.17368801436608827,0.12000901374811135,0.5715248393226688,0.1553539435170691
265,0.11464212275966179,0.5343063772769782,0.9858728395122431,0.4183265040693164,0.6990504402255245,0.6803788768124214
266,0.24315831346187677,0.14184737578038897,0.6291432732616039,0.06914426641809202,0.15592481804050407,2.395646164117551
267,0.08087782599346849,0.47104757017806,0.942035723853366,0.7812112371092503,0.2422616803789276,1.905610803435006
268,0.42214140667725275,0.5747844085772822,0.6836559329654219,0.7865278857855247,0.0822337782682131,-1.5369993820966443
269,0.2631065971374249,0.4901408022555126,0.7940573257571073,0.9734554859075263,0.34064848369766143,1.2670519955798074
270,0.11600890654555507,0.0862648700016242,0.42067028131725315,0.2613454573802574,0.20077057258883824,2.5319648475662975
271,0.404519011399076,0.11444003596536445,0.6300568812519709,0.6584059588482193,0.6058331404149776,-1.8554173222524226
272,0.004580683192833224,0.6962110247452822,0.6309659096817096,0.8856700390882131,0.5198275362267876,-1.1768968102151205
273,0.4328179641187474,0.6683709041816203,0.22772257670612317,0.4991528413410504,0.15082956632901323,-1.3575099680613147
274,0.9884158950237473,0.7234250577215396,0.6443428408682588,0.8782304562079535,0.422358202114423,-0.5564696159662831
275,0.584631503066585,0.4801595129478873,0.8280720199098011,0.13036466907050814,0.5364324197681735,0.11926646515664041
276,0.8134116617689421,0.5989480086437832,0.858249884465826,0.8720805899818876,0.04043652906039663,0.30633357650517445
277,0.5461811242069039,0.6858332251436867,0.8611908402273257,0.9248724128911432,0.8505623198567038,-1.9581048056859194
278,0.8625749763433261,0.7504128959093433,0.8391884118828967,0.7967188813264556,0.04174984906891033,0.04221877059302348
279,0.8800649376202335,0.8860257512308901,0.005246760662702243,0.9220606660612299,0.6149717059435716,-0.19471890469622166
280,0.43185994153315077,0.9407967805430022,0.2296692617792403,0.028860685828737798,0.6116928580328121,-1.8504329822783532
281,0.050551091343342125,0.19113485875405056,0.5846053381950682,0.7417985882377074,0.4576050527497071,0.46231186745695824
282,0.012652773763007552,0.9526005826022954,0.4774148498165126,0.636137500996748,0.9940160535190918,-0.5826821326986553
283,0.9570226788452596,0.6565743804324461,0.6152677038490879,0.5194686655081535,0.6501716845172104,-1.574081011633305
284,0.7476150660113239,0.1083472395876588,0.5300290697286619,0.5382617527225553,0.7692038944930594,-1.4509595275197538
285,0.33286134167371306,0.8441471210612103,0.7794026299976988,0.9488582920187071,0.4898545381768892,-0.761103655154503
286,0.24848336536744398,0.06147341515689453,0.12403065470516395,0.26085569371350337,0.8166706808674656,1.260113770692767
287,0.6740592815679631,0.7440403769090198,0.888893800354394,0.20822090358750844,0.44002678669216244,0.4710238668811294
288,0.1328755635422907,0.6652995759132398,0.8193084700386309,0.554603781284663,0.532423620465671,-0.3007953717989484
289,0.9176059364621779,0.9207065719356881,0.6061496010169979,0.13544021797113004,0.5272121241907091,0.5307591712260085
290,0.30627084933647775,0.2102388810185949,0.5437232206506664,0.5807193397258338,0.09692017589047197,0.2993060839978532
291,0.5890852413913058,0.7157140050642131,0.8735255908905197,0.7510468823458438,0.388553363357825,-1.5583649461299591
292,0.8967048967373442,0.5653942593006455,0.3981048779209464,0.9855702158724949,0.8799089768958331,-1.3050301644045255
293,0.3518128175420242,0.3821418946893539,0.23709843155059973,0.04061843078911265,0.2090666394988967,1.0035325723742083
294,0.9087936720812207,0.07153559462192827,0.2614796195667186,0.25782855219792755,0.9199066226707131,1.5815443010087122
295,0.7783017694479941,0.7351687197246988,0.18155474941355398,0.7324006518836044,0.8510746737599837,-2.676672813580026
296,0.17753254834856413,0.25110506702858726,0.4971403497822896,0.5877864062883013,0.3382359762051623,0.699842404608932
297,0.9446387769042365,0.5222652165168737,0.4492678468271547,0.1264385689241584,0.6697570653575479,-0.6528164606861506
298,0.08967316072836606,0.7185607827989163,0.5926832973266007,0.8036625530202168,0.13473336600068964,-0.49795354779604517
299,0.7478719314207676,0.8749607537565733,0.22181661386352536,0.49567471331518553,0.5159637028180037,-1.554034229276573
300,0.12347391625173831,0.8564546249839029,0.6295966081882839,0.6552243764700884,0.4246659981942411,-0.7476022962353375
301,0.31857037751351536,0.3795647812578711,0.9192505251814875,0.6555748541150704,0.2928540888029846,1.1856860548252368
302,0.19882470623849546,0.6344135086923297,0.6406926120041848,0.14140238131480243,0.4737474648071416,0.16178458826247902
303,0.38715682599562773,0.3797105413056384,0.7633838433282256,0.9145722466534705,0.8683465415168012,-0.45411618915986235
304,0.13597921266454083,0.6740161304175608,0.659971970634272,0.6923578963824762,0.1801977124418308,-0.2253717503160616
305,0.9126229290916626,0.9424864228496048,0.02200693900989359,0.12799979007947548,0.6549257762892539,1.2780829435829584
306,0.25308652100113505,0.4647737628263019,0.09704474042318134,0.6509525266827985,0.6744169501477006,-1.3082459176592918
307,0.33728226402351413,0.10019131494932254,0.7044861632718735,0.8475430550676671,0.8880049094962239,-0.486270244799918
308,0.698129095904517,0.5041286066582042,0.8048287216801694,0.21424230136479605,0.8737169656542645,0.5349162910764957
309,0.015927807013002004,0.23521206674782025,0.3366713820175742,0.7044085295764337,0.8114444965353154,-0.6562749243320826
310,0.06196144650376423,0.4010017347247671,0.10830923832385908,0.13848906241671677,0.9712320413206956,2.678887711113821
311,0.43540591727818156,0.6221361484426944,0.020853206740225394,0.9907743553878462,0.7898298656049687,-1.6469395068692956
312,0.7754557817408978,0.08901372676425756,0.23259025865728689,0.07842783077815774,0.37322211950414663,1.3798715372729309
313,0.7739857374843466,0.7814282108510651,0.2458251817069942,0.35617495565800306,0.2805182944071274,0.16040652631737362
314,0.3463000191303611,0.16423468334542668,0.016127059637568553,0.6972085431864324,0.765574364533416,-0.5533847055182534
315,0.8754107994127089,0.2570083024497293,0.8441816545505909,0.4392913773431215,0.1757650157941647,3.643806233535225
316,0.8922471263100156,0.2402784361407917,0.3610629722883676,0.745307843735659,0.3709911606203231,0.20246400304030404
317,0.3205032756879165,0.8075654211652927,0.695006034917791,0.39291402591762004,0.3096363949650821,0.37022685814291817
318,0.6654207944071575,0.6699663693683636,0.5761707786766953,0.5509094989769482,0.5464592040857164,-3.164938368776763
319,0.3742287901882062,0.6807679900232616,0.475642107466693,0.7973545168290324,0.0022453860964085637,-3.0783341713489003
320,0.9033913969673465,0.2976338232318886,0.4744911837664263,0.032794172449778114,0.5843132954736879,0.2447308030056916
321,0.8981720751026523,0.9438879792599585,0.6859147427802633,0.28682035391617067,0.7403917463978852,0.6437333811980595
322,0.7694682461492348,0.2684111178096824,0.24889952795809545,0.5795869303418101,0.3287347497371055,0.4894339646695658
323,0.4462819983876909,0.05416642367892377,0.7112260511429559,0.0929758967552442,0.5256800123005025,0.18081184543784795
324,0.5838686620079049,0.5384130913345491,0.9152940616754397,0.9061652151019557,0.0009370405329770515,-0.5311632956369812
325,0.4799578347270428,0.41667924537126844,0.7682880722081594,0.3481308123913477,0.44773939487080927,0.6728872357000322
326,0.28496270487378683,0.7491400289650844,0.7677675175842908,0.2691155151925426,0.4172140055336604,0.7632766443286337
327,0.947370860509515,0.5848487092799545,0.9473869322754632,0.43441360130607465,0.35610964170001136,1.9883699903663947
328,0.27177754457412917,0.33804823835777753,0.23682204611654334,0.4650976212152018,0.3734944175438152,0.8674956860149103
329,0.0403830214241776,0.24134025493133637,0.07231169719865438,0.2020722694254109,0.3426185135636707,4.169834421984529
330,0.14134746343709859,0.2808745308382371,0.6443567033837629,0.11053337145196285,0.737943447589643,1.294669806108935
331,0.9463011696485769,0.5675482375139715,0.2579238578615205,0.7555360805599737,0.2926124332671066,-0.42273272166401854
332,0.5379467730799996,0.8856673964400894,0.5839850447011025,0.32003287129599933,0.46661320443281273,-1.2125880568194856
333,0.47239202140252634,0.4478568046422181,0.656547111981066,0.8416555265304745,0.5631062187444253,-2.3027779787036615
334,0.6849113894217959,0.12327819802746731,0.16518839077617398,0.6604686371786571,0.4879693116635472,-0.8259993603025239
335,0.6556530734138668,0.6146420016966877,0.14931837534060877,0.14169006415672292,0.19571180369618335,0.4580805617946483
336,0.3835705514399761,0.8276031013850287,0.7408982519276678,0.44830759705573275,0.09613011263770677,0.041408224298758456
337,0.3264598881770008,0.6039295707575659,0.17845132175568434,0.050691448798949046,0.8347030130186401,-1.372284444110213
338,0.14327817087685923,0.35527660329080735,0.6041480918349107,0.6866379974285506,0.1700669195541017,0.9943795860344646
339,0.16697548012390573,0.2334377721664599,0.11128852397775868,0.09092113244086464,0.628253779578927,1.7480292164460338
340,0.5506083629890909,0.1584322801690593,0.8933574389905636,0.6738381291177625,0.2977794652503041,0.8241777010397511
341,0.4928382599052581,0.007659358727210797,0.45138781243533965,0.8062541087586232,0.40237706788758076,-2.2310820269720306
342,0.1679815200486573,0.02572575707760849,0.40954902227689494,0.9348141468890797,0.8502747026817754,-0.8274898601260343
343,0.283458149846578,0.4313028327535352,0.16999733480868995,0.6451522969968624,0.8862250168595264,-1.1403636170842906
344,0.9853482909179029,0.507027406794652,0.990994952395212,0.6100473944675213,0.38429584139845807,1.2512324206567769
345,0.6047014725870218,0.43802282375667756,0.43997775853943966,0.038750563076797695,0.08999191536716955,-0.585495739082921
346,0.7936012194341464,0.6260644342756119,0.38329194484025286,0.47101115449585707,0.7468667024114433,-2.6703823527565618
347,0.4501452356029134,0.44629903070291144,0.004320774470515265,0.40576386457819447,0.1608717807192237,1.4622626876813802
348,0.9408600194306123,0.014766157454388473,0.21651678455940626,0.4094125708840458,0.8896172105460445,0.8922159610346951
349,0.0019909873910994857,0.5891546268018351,0.4643420481975836,0.6513740887756028,0.504630808206037,-1.897403541739306
350,0.7786753810128132,0.12087005821505004,0.3146069205542431,0.5581783557149362,0.13520857158552535,0.46074333860251077
351,0.11620907668796332,0.24409366478193406,0.809366448046206,0.014898018597369722,0.6066140889162345,2.029948382711775
352,0.07305635405311217,0.6864522871850819,0.14948347502890158,0.6735228517538296,0.8665495041010023,-1.3788250462342608
353,0.6834261621442363,0.47976944497580365,0.08180323688714519,0.8072336907661927,0.846311404680389,-1.6568093101576764
354,0.6802373937440361,0.017652023781025594,0.6534530387330149,0.7912499440542478,0.4403913710426277,-1.158528559020089
355,0.1087582436921396,0.09805317578708783,0.8872825557352487,0.23831759069438763,0.44555209077335756,3.6565909214135144
356,0.273796958683452,0.6808467009672926,0.08788737717038064,0.6919076934080254,0.911505464579131,-1.7100919662980303
357,0.25165449913314464,0.5073783885940863,0.7199491837937031,0.6980563318227325,0.5035331713468408,-1.0860573692812672
358,0.7289580864000775,0.9081440463393721,0.6806503375641455,0.4779613693418573,0.7655327987492563,-1.4880516442377099
359,0.3741584079512712,0.09227030841150952,0.06744705119776573,0.9169168998065651,0.21530734506476112,1.3846618774985775
360,0.09219642101009762,0.7532756200717285,0.9160865025636238,0.5354740426688517,0.60995301018177,-0.2443216991802063
361,0.8215028901517312,0.4460749462088701,0.9085228185914613,0.44374849001736283,0.7779803792162989,0.6759885176353758
362,0.7394717375933495,0.47185707904053864,0.12375037712555381,0.8227886007924929,0.5086032020234108,-1.1973714386411074
363,0.7246504075106106,0.8779074039109158,0.08223020512163948,0.4018527725647467,0.89306662980115,-0.244284467173291
364,0.188683371787988,0.7341197877797021,0.9970305082599379,0.9592685180068279,0.3742985213081109,0.7902254260048476
365,0.0526128636905987,0.8287944495086583,0.6276314009628842,0.718175438462335,0.32170174756217296,-0.26368335960669353
366,0.2725023617435993,0.5497787322806951,0.2272311929064217,0.8886677279628193,0.7052105103698245,-2.3781765846736156
367,0.020206287444289983,0.31172494119744176,0.41471353046327475,0.08636835496978701,0.8579157390039216,0.8845128323347438
368,0.7651295830085191,0.30525926836710215,0.9473900156136975,0.18481875310934026,0.8295564053146941,1.9982197551794663
369,0.28379158661409964,0.7936047359477472,0.01615799886748237,0.45740046574001725,0.7642473138745187,-0.9028422004298533
370,0.29650918464481735,0.218400650047181,0.4506001100501562,0.6177675189657719,0.40178690240669546,-0.5535979647999887
371,0.6086020189826663,0.5822534722300636,0.5481914842658265,0.3409777977685814,0.12850898359946394,-0.5989858975461895
372,0.6808231381800595,0.18285656108782045,0.920046774139085,0.5484279539493979,0.2902659225667916,1.8226584132908545
373,0.19053070337702693,0.4797513681639536,0.3068601149409089,0.8173434737272086,0.11886378130028896,-0.333847159888526
374,0.3057271293307281,0.8528066263576906,0.7952892677430411,0.3324273188076272,0.5157617329880626,0.31743801886594225
375,0.05472511173539463,0.8072082052772284,0.4105758890887853,0.7844792943347428,0.9480333785296436,-1.8038719247016586
376,0.62825328010404,0.6866209034104013,0.19421282644899462,0.6528716164323991,0.33696816523409123,-2.195278520333465
377,0.8226994610226077,0.011409884957715666,0.36283727631647245,0.19380182841983185,0.656331001633752,-0.3384444497950917
378,0.07778349580944599,0.4594219141687238,0.4076126925102638,0.0765268767791063,0.9715227174206897,0.6752627124681583
379,0.9515941187059098,0.9964893339639928,0.10414403670391448,0.9712305246206787,0.17122182628204996,2.437387079761136
380,0.7132566538469071,0.6294942004806711,0.9092130785643454,0.20456353288605644,0.9604819017560018,0.7697033274516812
381,0.9961595012510147,0.8846728055314073,0.6114635886396752,0.7209158258501953,0.9515794452663813,-0.8386253196291851
382,0.2644574583248356,0.5045941276890807,0.4125602829984715,0.005532353904825538,0.6483902072168155,-1.9350417485321612
383,0.7059791866549642,0.4093688546916924,0.4208904097287588,0.26200295279774366,0.7548902115098339,-1.0876009593330624
384,0.2517498864794645,0.21806394398945272,0.4702325216379647,0.940780957291141,0.048849960892830446,0.5667470341946053
385,0.4781752492321104,0.5117446339638583,0.7881438383935806,0.3853161195693179,0.19639035107181158,0.9687599139846638
386,0.6978396164436568,0.5114617454112667,0.4130236786118535,0.1928720195764838,0.4209647105746319,-0.6117135174184153
387,0.6969801186071335,0.4126550183931331,0.9923036018696119,0.47230231683815915,0.6937698085919102,-0.2687604377535442
388,0.03865056038650905,0.5200661069552546,0.36127901350077785,0.056715359782126384,0.25575798516092996,1.1326887058828805
389,0.9437528856613057,0.4214780603527579,0.6087156847708929,0.37010418179515236,0.12197459731335702,2.244634874876784
390,0.2652571001702465,0.5371971650736486,0.9575250141096889,0.9617123938790835,0.4023281789043147,0.8178806542222521
391,0.1504589922801738,0.603830151444524,0.951855746194968,0.9399797882704419,0.7179359883162845,-0.30247778229214906
392,0.09371550834831144,0.8179158174745028,0.4892059732767784,0.7752620925972098,0.5386050462024671,-2.233234588329588
393,0.6070863785536058,0.5159030191720418,0.4904037340116143,0.6052650757099001,0.6123153477851929,-3.6763076467321443
394,0.809206512860848,0.9620206380180406,0.43684839026857303,0.47608669950891735,0.7151855658067497,-1.7960599753342603
395,0.5154708516289932,0.11841456619009683,0.816118280267279,0.3392025277700985,0.4596932480134328,1.356889103974487
396,0.5660188769329924,0.9543406887444493,0.05506672724639805,0.8325360797365808,0.2895873838034798,-0.3003254884059847
397,0.39069564150003977,0.9822367235661306,0.21178619183156533,0.29595118540541954,0.4093407943591433,0.3785082376892155
398,0.4309170260741233,0.03175021608730566,0.2739144921047303,0.8266252961322255,0.236138736262117,-0.8433190238537063
399,0.4469074016229213,0.6930191260320205,0.2287956525775452,0.20315659406906683,0.9834900527964926,-1.062885227989782
400,0.21659130966940843,0.9705345984343273,0.8095474609878052,0.1929496655875853,0.1407613063002272,3.1151164455905205
401,0.21420147057565053,0.22795546044317605,0.7394965117406813,0.029059904606458686,0.11077490104654297,2.989261630982154
402,0.4595739248057017,0.6225962946028913,0.903042026472394,0.4945950024402873,0.5188905850942281,-1.276940266418943
403,0.4171585592125715,0.7808184589002908,0.6352996463566404,0.06588672317187982,0.26979177851906966,-0.4241356035623932
404,0.37246116419685404,0.6460830112279505,0.26789696096737337,0.8854026784064977,0.3742553231619803,-2.1286964644333035
405,0.7995031696466006,0.12890115030769522,0.08971445631019304,0.3061559599215711,0.4237308128844166,2.5269576035729178
406,0.5079441613997572,0.9822050620335325,0.3901185887316154,0.6546149851304812,0.9569591653825614,-2.7266829640790395
407,0.045278717275163305,0.0707466145873511,0.8552348160576357,0.8079188548745249,0.30319978258881974,2.489392205316295
408,0.14702798270241968,0.11430787784147689,0.36754860287581825,0.6198754591451353,0.8420146613067852,-0.8276178303177082
409,0.017085227819791493,0.9611158139459854,0.6190852503617011,0.039270627351793874,0.6145551910219087,0.23263125567902754
410,0.14042781987050823,0.498115597827825,0.6253962074599068,0.05780187679821169,0.5810743985807542,0.047862358169236785
411,0.6235787094669649,0.9495234950453222,0.1565167365219522,0.5091485582286327,0.5235438015112097,-1.4716892428564243
412,0.3986194842961299,0.021449978928744007,0.8987109288619006,0.058383257125696364,0.41728426637915694,1.3904895561130626
413,0.39638485488447806,0.036374476481959905,0.15378321702225906,0.1771986351363759,0.22142534834106442,1.806224958199767
414,0.9019181712514076,0.09796439678400282,0.8259912651686342,0.7601673654542896,0.09360865010201469,2.091232491893998
415,0.8923850139486841,0.7323376365074247,0.7117023265767876,0.5336667525324539,0.12138381079941218,0.4581303056880563
416,0.12917294609240448,0.28623092180130394,0.899556130865095,0.5615393375388616,0.5349417273870289,1.6888818162161394
417,0.021770630535736246,0.47533749911181133,0.650575020323918,0.4573357824672293,0.8451255542297903,0.3003569091188327
418,0.1499213072413944,0.8497981832378672,0.014042251483250778,0.01204819133709234,0.32173884202517977,1.854026178440174
419,0.9102882374267215,0.30138585909814275,0.03688681499085589,0.2883803639534729,0.7978680296522064,2.4101294909844913
420,0.09667846346604358,0.5028587356308267,0.8841946225096073,0.4270270786957977,0.21389054217710857,2.93398078436067
421,0.2651121234206354,0.3620320611773281,0.6799140288479354,0.43747183978030935,0.034274576206927976,1.4780882385297232
422,0.6647044792074979,0.381719023804161,0.7996708375701571,0.677015117868404,0.5506273014813149,-0.9606749946686345
423,0.38945222761216125,0.9676120450082721,0.980073026475368,0.46046104187032244,0.7676611898825264,-0.5050573120135999
424,0.4843355120228646,0.5582478404418578,0.4933132605822921,0.5570387551961326,0.10072508077455955,-2.105960080547726
425,0.8090600645594522,0.3358390676998626,0.5565040875412258,0.5685184463567741,0.16451264066495674,0.6848850929195787
426,0.02250328095476939,0.3647992418745224,0.11728608833262688,0.9364683476578162,0.2730024482671961,2.5396028341986456
427,0.37663772027818,0.7755591735279395,0.24056785629308286,0.6183812095505866,0.7480628362304637,-3.685274908360608
428,0.15766967691393452,0.05461624814265165,0.658305028504493,0.8218368738071807,0.7432269358128852,-0.6106984588971519
429,0.7579796239733293,0.7011716950681927,0.5442164494975831,0.7987142379730309,0.024000104139880962,-2.2897473613893
430,0.22671072350705523,0.4512764356548027,0.20314286898876077,0.35531682022571,0.21014774251100454,1.8481130829955301
431,0.599046304695644,0.07496766677359623,0.5179999389598253,0.6806216480582238,0.9570890433629794,-1.9910281064439597
432,0.6811741659087771,0.7576409320006743,0.8372688762379222,0.22444090075712986,0.8473083047412461,-0.27235443770464973
433,0.34985043863969967,0.12809247620814546,0.3439478647390273,0.02540988592008042,0.6582962824357457,-1.1213292212991695
434,0.3953244847212508,0.1756821812886029,0.5077922995241587,0.9506252063633422,0.726093874702904,-1.6873745342324615
435,0.9109090671534396,0.777782662743612,0.020448136971094488,0.9788322010209606,0.6698653252116998,-0.33944492907190127
436,0.44510801348772755,0.44553222045300744,0.8568396737652559,0.9252139914219404,0.45557188910052726,-0.1644889016748717
437,0.3430467181938667,0.34660639209115685,0.4249453809907555,0.6915284680810263,0.9851538918892074,-1.5081785896855506
438,0.21340773525039014,0.04891570149843649,0.7868168097996977,0.5102421606307291,0.7976334090160746,0.5575271695611658
439,0.18114713484914235,0.15859705913454358,0.026309133312350963,0.2645251105932861,0.3760271358501869,3.728137554382382
440,0.45544909340120177,0.2338728654950799,0.06239152934279446,0.34309754086397704,0.6027151484763976,0.6392057191235808
441,0.28027068478597794,0.2985455200355718,0.4523184942780867,0.5457286041861231,0.751122311027994,-1.511406822744024
442,0.19379841671941878,0.25636640441121217,0.4543224749634728,0.4063094651377296,0.4556183672362878,0.9030330750402371
443,0.7491216002797391,0.4036768103435985,0.8025517093429143,0.06775440523843945,0.9144253658573629,1.231258540567646
444,0.2570152018230154,0.3340494499036455,0.18584918702236108,0.3732677768024619,0.9001253552192358,1.011253267412783
445,0.30981186509849323,0.8871464491247409,0.6030699612130892,0.03972188957629941,0.24573517240744291,0.31259220439831015
446,0.05281299662817596,0.8326546136797082,0.903470432697511,0.007880432079112154,0.3290812501949656,2.16014923861154
447,0.9697252209450503,0.8986722039461843,0.7421142350728998,0.3208690772089703,0.5260951987216855,1.3845748472382247
448,0.5716187548266568,0.21617426862130673,0.8717792022016289,0.5641389541676327,0.1615643290478005,1.4364784428660708
449,0.22216581332597918,0.901983741118498,0.1872872233901105,0.8625112035303514,0.7279373722327434,-1.7901806487303062
450,0.806926902327319,0.17846492603012754,0.734827576555786,0.8777014491387037,0.17569639071778376,1.9750547236326799
451,0.05866973383078444,0.3080971577543188,0.17531146917325302,0.8212045036003087,0.7497376566644108,-0.030195067496873618
452,0.7211477567578141,0.5329735276729929,0.3154670320798467,0.411231871976002,0.7407177775206671,-2.1621718397801954
453,0.3383770669336331,0.04448925887889332,0.18907048351643874,0.5009551341656653,0.61927087896684,-1.0299518649115105
454,0.3075731633929515,0.27244151433196917,0.3453484561335217,0.7379441238475047,0.7356927561770638,-2.1304318891193774
455,0.017663181751899626,0.05222631731741256,0.5995232682393297,0.3864322462264492,0.21329704149788864,2.6546075430826876
456,0.03137597616862997,0.6373091903564078,0.45535035539526636,0.6560596158329179,0.37275204090660363,-1.2850966696181017
457,0.7993621892523973,0.6958626327267147,0.055416310841572725,0.37386111911292197,0.8271535250574369,-0.32949721074744676
458,0.8329329775089565,0.9404446106751657,0.11682671379942511,0.5698613049815191,0.6468872227036282,-0.9809166656323036
459,0.7252919408993855,0.9876466194891181,0.6623370858503744,0.04884786210829295,0.05244942156784216,0.8298639088591917
460,0.5703846601753222,0.6422150331247853,0.6638763579322118,0.12270997189525368,0.8454496384150656,-1.721125861105751
461,0.30374084829517534,0.4903390351357012,0.7616183012003295,0.7857955901454576,0.9634029803792498,-0.6432971483556331
462,0.0646067159672904,0.18650169346091428,0.13329390215005277,0.5486207115658616,0.9696016363862714,1.8360312514289618
463,0.8944331595387287,0.00042236773829928964,0.28957434424747086,0.8801104367552531,0.5836695939981179,-1.0874950286260503
464,0.8841923907826365,0.8638145201278449,0.8078985315492133,0.25181813525054775,0.9766778164816059,1.9472886733677301
465,0.6283678124587264,0.43736449380923537,0.1389082335425359,0.4595279151549957,0.8909554545891681,-0.7554960936335355
466,0.3933360193505918,0.17030261461256935,0.6810729595614008,0.43107988517284224,0.02875539815411654,1.128304590840186
467,0.2945593534829227,0.7274084628019599,0.4016803513483507,0.48900034483160915,0.9780848026759468,-2.0172517720400496
468,0.9534527209301762,0.1696426404832171,0.5807837182836272,0.7332511554793493,0.7127637995785957,-0.6573725126057371
469,0.11245952995589092,0.10770143647321062,0.4687569574101713,0.26202522747984813,0.6185713457272606,0.8210116015723152
470,0.23019386500071015,0.023292061684187737,0.7507013037504077,0.5046576053513158,0.3939032630070527,1.3595255104186106
471,0.8963528065790912,0.12531057557747016,0.34493179384962414,0.00987271268908263,0.7391800489059558,-0.13095857530892607
472,0.39660332026817213,0.8874901365848844,0.6793868477005944,0.2645248648257771,0.7154313298830686,-1.0768060077599135
473,0.11996714431169564,0.28410543591033366,0.7538308296801157,0.30251093294907194,0.9967783379529629,3.4133339514373535
474,0.521826961178167,0.421343143386784,0.4890573875114337,0.5160816348524206,0.49458966803995963,-2.153723438449309
475,0.2850599670783718,0.028945119752590065,0.009784132397694267,0.17079877309213354,0.1507086808073892,3.088793177139338
476,0.868420954090468,0.40664160149246475,0.7397317432746384,0.15266231751680437,0.002986935375672961,2.5208121396086085
477,0.6947943409238709,0.6588196203401551,0.7863499901110985,0.2983232227155087,0.1484823642460511,1.0751215601437552
478,0.7332199711270968,0.9382522379883932,0.8774275338118407,0.9387971074001035,0.44234515835099975,0.3769232309175064
479,0.9737333978532619,0.9101657534756322,0.24792738930133984,0.6420902847154328,0.7892023260507227,-1.5845435551580156
480,0.13972398598576485,0.12563522456066856,0.19466508631376533,0.9322225872278279,0.195045076035122,2.1766295394062425
481,0.10245336084267853,0.6482144436178111,0.6029620531648481,0.9634605144826558,0.8734123363262486,-0.9791590651460362
482,0.7999020051631618,0.20494420494504717,0.7822601356694436,0.28229689343958553,0.936913040728659,2.632692836546748
483,0.5987681256939517,0.10799461591175985,0.16448221616713743,0.6952732381091918,0.42146493408529917,-0.8762432400388803
484,0.6573133870887401,0.891958928430864,0.7689673325907794,0.41246839871780583,0.2427339350492267,0.8403125203470208
485,0.1073541276225104,0.9463504044999731,0.6547100127096533,0.8937627787901793,0.3202939248615463,0.9499715681908603
486,0.9070805634503164,0.6233708339127451,0.5776346011145311,0.7085167248484018,0.4947818710537566,-1.9120859833007924
487,0.7139450343296552,0.3219356590819227,0.3396221791475421,0.667116518286209,0.06481954177663107,-0.7931816803322355
488,0.14137980809342954,0.5891255444915393,0.5197506239888943,0.4406118297703282,0.9098206964346012,-0.8060140133924889
489,0.7056615373717667,0.955935231824604,0.620460563144415,0.7407222560565724,0.7913640629405462,-2.6134151448451224
490,0.7308514599603875,0.8406540117891323,0.7285876570591546,0.5115575068875067,0.4637628102277218,-0.8961023948211967
491,0.3190353307250574,0.3085126981039087,0.35736119118989074,0.168375341745991,0.7751122997224069,-0.3261827128589393
492,0.37260857054085217,0.2610532614894744,0.18496493123599822,0.8070574890311554,0.016221170914596517,-0.2040051438640304
493,0.018970400628442574,0.019314894651555226,0.020494076330318745,0.9471887342579114,0.5659120806349586,1.316615387328942
494,0.18963204811298506,0.8452627838073405,0.630918448173918,0.21846151105730904,0.556193977112377,0.02931118635996055
495,0.34405533872653604,0.07874887246203788,0.011978379552182616,0.4883840445155745,0.6334965523348461,0.11303876042611694
496,0.3303296973998454,0.054010921990766736,0.7608826858506539,0.2587499654839941,0.3222735064631672,2.4926608860418797
497,0.02101557239597618,0.5790479250370569,0.7439542334147812,0.9943675809423922,0.7970688806564205,0.0756177245487335
498,0.17845910907254026,0.5675735277321439,0.8811475753378771,0.798894432057381,0.010881137746795777,0.40341661712419286
499,0.18785315599122043,0.5007846608867005,0.7977123023767428,0.6946042014787985,0.26110108361154827,0.9812524919443446
