,buoy,latitude,longitude,zon_winds,mer_winds,air_temp,s_s_temp
0,0.0,0.9994202898550725,0.11020930038635796,0.16352201257861637,0.0,0.6284153005464481,0.6493670886075948
1,0.0,0.9988405797101448,0.11020930038635796,0.20125786163522008,0.20740740740740743,0.5437158469945356,0.655696202531646
2,0.0,0.9994202898550725,0.11020930038635796,0.16981132075471694,0.04444444444444451,0.6338797814207653,0.6632911392405063
3,0.0,0.9994202898550725,0.11015370931428414,0.1572327044025157,0.08148148148148154,0.6284153005464481,0.6658227848101266
4,0.0,0.9994202898550725,0.11018150485032102,0.2515723270440251,0.014814814814814836,0.596994535519126,0.6848101265822786
5,0.0,0.9994202898550725,0.11018150485032102,0.16352201257861637,0.1111111111111111,0.5601092896174866,0.7012658227848103
6,0.0,1.0,0.11020930038635796,0.1383647798742138,0.2,0.5327868852459021,0.7088607594936707
7,0.0,0.9994202898550725,0.11018150485032102,0.16352201257861637,0.11851851851851858,0.569672131147541,0.7012658227848103
8,0.0,1.0,0.11018150485032102,0.16352201257861637,0.1111111111111111,0.6448087431693992,0.7202531645569619
9,0.0,1.0,0.11020930038635796,0.29559748427672955,0.2888888888888889,0.5327868852459021,0.7215189873417724
10,0.0,0.9994202898550725,0.11020930038635796,0.13207547169811323,0.29629629629629634,0.666666666666667,0.7151898734177218
11,0.0,0.9994202898550725,0.11018150485032102,0.11320754716981135,0.23703703703703705,0.7035519125683063,0.7227848101265821
12,0.0,0.9994202898550725,0.11018150485032102,0.1383647798742138,0.12592592592592594,0.6871584699453552,0.7278481012658231
13,0.017241379310344827,0.7657971014492753,0.111460099508019,0.37735849056603776,0.3851851851851852,0.5628415300546448,0.7481012658227852
14,0.017241379310344827,0.7652173913043478,0.11148789504405587,0.5849056603773585,0.35555555555555557,0.62568306010929,0.7645569620253165
15,0.017241379310344827,0.7652173913043478,0.111460099508019,0.3081761006289308,0.13333333333333341,0.7213114754098364,0.7810126582278483
16,0.017241379310344827,0.7652173913043478,0.11143230397198212,0.16352201257861637,0.23703703703703705,0.668032786885246,0.7734177215189875
17,0.017241379310344827,0.7657971014492753,0.111460099508019,0.3018867924528302,0.7185185185185186,0.6789617486338799,0.7481012658227852
18,0.017241379310344827,0.7657971014492753,0.111460099508019,0.22012578616352196,0.6148148148148148,0.7158469945355193,0.7645569620253165
19,0.017241379310344827,0.7657971014492753,0.11148789504405587,0.2641509433962264,0.5407407407407407,0.7322404371584699,0.7721518987341773
20,0.017241379310344827,0.7652173913043478,0.111460099508019,0.4025157232704403,0.40740740740740744,0.668032786885246,0.7949367088607593
21,0.017241379310344827,0.7657971014492753,0.111460099508019,0.2389937106918239,0.6222222222222222,0.6420765027322406,0.7873417721518989
22,0.017241379310344827,0.7657971014492753,0.11148789504405587,0.4779874213836478,0.5259259259259259,0.6734972677595628,0.7962025316455699
23,0.017241379310344827,0.7657971014492753,0.11151569058009286,0.22012578616352196,0.3851851851851852,0.7062841530054649,0.8101265822784813
24,0.017241379310344827,0.7657971014492753,0.11148789504405587,0.16981132075471694,0.1777777777777778,0.6898907103825138,0.7835443037974685
25,0.017241379310344827,0.7657971014492753,0.111460099508019,0.2578616352201258,0.6666666666666667,0.6420765027322406,0.7645569620253165
26,0.034482758620689655,0.5959420289855072,0.11123773521972374,0.5408805031446541,0.7111111111111111,0.5983606557377055,0.6848101265822786
27,0.034482758620689655,0.5959420289855072,0.11120993968368675,0.4591194968553459,0.5555555555555556,0.6420765027322406,0.7113924050632909
28,0.034482758620689655,0.5953623188405797,0.11118214414764988,0.31446540880503143,0.2888888888888889,0.62568306010929,0.7050632911392407
29,0.034482758620689655,0.5947826086956521,0.11120993968368675,0.2641509433962264,0.5777777777777777,0.5819672131147544,0.6974683544303799
30,0.034482758620689655,0.5953623188405797,0.11118214414764988,0.22641509433962265,0.6592592592592592,0.6038251366120222,0.70253164556962
31,0.034482758620689655,0.5959420289855072,0.11118214414764988,0.13207547169811323,0.5111111111111111,0.6475409836065578,0.6898734177215191
32,0.034482758620689655,0.5959420289855072,0.11118214414764988,0.20754716981132076,0.5111111111111111,0.5874316939890711,0.6392405063291138
33,0.034482758620689655,0.5959420289855072,0.11120993968368675,0.3459119496855346,0.6222222222222222,0.5232240437158473,0.6113924050632913
34,0.034482758620689655,0.5959420289855072,0.11118214414764988,0.27672955974842767,0.6444444444444444,0.3920765027322406,0.5734177215189873
35,0.034482758620689655,0.5959420289855072,0.11120993968368675,0.3018867924528302,0.5037037037037038,0.37568306010928953,0.5860759493670886
36,0.034482758620689655,0.5953623188405797,0.11118214414764988,0.1949685534591195,0.5259259259259259,0.48497267759562845,0.6240506329113926
37,0.034482758620689655,0.5959420289855072,0.11118214414764988,0.10691823899371067,0.6814814814814815,0.47950819672131173,0.6101265822784812
38,0.034482758620689655,0.5959420289855072,0.111154348611613,0.1949685534591195,0.5111111111111111,0.4193989071038251,0.589873417721519
39,0.034482758620689655,0.5959420289855072,0.11112655307557606,0.22012578616352196,0.4444444444444445,0.43579234972677616,0.5582278481012661
40,0.05172413793103448,0.47942028985507246,0.11126553075576062,0.6037735849056604,0.4962962962962963,0.5218579234972678,0.5037974683544308
41,0.05172413793103448,0.47884057971014493,0.1112933262917975,0.46540880503144655,0.4444444444444445,0.5177595628415306,0.5126582278481009
42,0.05172413793103448,0.47942028985507246,0.11126553075576062,0.3459119496855346,0.3703703703703704,0.5204918032786887,0.5037974683544308
43,0.05172413793103448,0.47884057971014493,0.11126553075576062,0.2893081761006289,0.5703703703703704,0.4726775956284155,0.45316455696202507
44,0.05172413793103448,0.47884057971014493,0.11126553075576062,0.3270440251572327,0.5037037037037038,0.4193989071038251,0.4215189873417722
45,0.05172413793103448,0.47942028985507246,0.11126553075576062,0.2389937106918239,0.2888888888888889,0.4521857923497272,0.41265822784810124
46,0.05172413793103448,0.47884057971014493,0.11126553075576062,0.22012578616352196,0.31851851851851853,0.37978142076502763,0.3430379746835439
47,0.05172413793103448,0.47884057971014493,0.11126553075576062,0.3333333333333333,0.42962962962962964,0.3169398907103824,0.30126582278480996
48,0.05172413793103448,0.47884057971014493,0.11126553075576062,0.35220125786163525,0.4962962962962963,0.2609289617486339,0.26202531645569627
49,0.05172413793103448,0.47884057971014493,0.1112933262917975,0.3710691823899371,0.2740740740740741,0.24453551912568328,0.24303797468354427
50,0.05172413793103448,0.47884057971014493,0.1112933262917975,0.2641509433962264,0.4,0.2008196721311477,0.21645569620253147
51,0.05172413793103448,0.47884057971014493,0.1112933262917975,0.23270440251572322,0.48888888888888893,0.17759562841530085,0.21012658227848124
52,0.05172413793103448,0.47942028985507246,0.11126553075576062,0.2641509433962264,0.4,0.2035519125683063,0.21645569620253147
53,0.06896551724137931,0.36289855072463767,0.11120993968368675,0.6666666666666666,0.562962962962963,0.6338797814207653,0.7936708860759496
54,0.06896551724137931,0.3640579710144927,0.11120993968368675,0.49056603773584906,0.33333333333333337,0.6229508196721314,0.7582278481012659
55,0.06896551724137931,0.3634782608695652,0.11118214414764988,0.3270440251572327,0.2740740740740741,0.6434426229508197,0.7632911392405064
56,0.06896551724137931,0.3634782608695652,0.11118214414764988,0.28301886792452824,0.2518518518518519,0.6871584699453552,0.8088607594936708
57,0.06896551724137931,0.36289855072463767,0.11118214414764988,0.31446540880503143,0.3703703703703704,0.709016393442623,0.8202531645569624
58,0.06896551724137931,0.36289855072463767,0.11120993968368675,0.1949685534591195,0.22222222222222227,0.6871584699453552,0.7936708860759496
59,0.06896551724137931,0.36231884057971014,0.11118214414764988,0.27672955974842767,0.0888888888888889,0.5956284153005464,0.7379746835443037
60,0.06896551724137931,0.36289855072463767,0.11118214414764988,0.3333333333333333,0.14074074074074078,0.5300546448087435,0.6658227848101266
61,0.06896551724137931,0.36289855072463767,0.11120993968368675,0.3962264150943396,0.30370370370370375,0.5040983606557381,0.6113924050632913
62,0.06896551724137931,0.36289855072463767,0.11120993968368675,0.48427672955974843,0.09629629629629638,0.43852459016393475,0.5772151898734177
63,0.06896551724137931,0.3634782608695652,0.11120993968368675,0.3081761006289308,0.1555555555555556,0.38524590163934436,0.5481012658227846
64,0.06896551724137931,0.3634782608695652,0.11120993968368675,0.3081761006289308,0.24444444444444446,0.40573770491803307,0.5607594936708864
65,0.06896551724137931,0.36289855072463767,0.11120993968368675,0.3836477987421384,0.14074074074074078,0.3948087431693992,0.5594936708860758
66,0.06896551724137931,0.36289855072463767,0.11118214414764988,0.31435392919186544,0.42948738990097934,0.34699453551912596,0.5202531645569621
67,0.08620689655172414,0.18956521739130433,0.11132112182783449,0.5220125786163522,0.7333333333333334,0.7240437158469946,0.8227848101265827
68,0.08620689655172414,0.18956521739130433,0.11134891736387137,0.5723270440251572,0.2888888888888889,0.6024590163934427,0.8113924050632915
69,0.08620689655172414,0.18956521739130433,0.11132112182783449,0.31446540880503143,0.22222222222222227,0.7732240437158469,0.8341772151898739
70,0.08620689655172414,0.18956521739130433,0.11132112182783449,0.29559748427672955,0.2888888888888889,0.7459016393442623,0.8278481012658228
71,0.08620689655172414,0.18956521739130433,0.11132112182783449,0.3710691823899371,0.4962962962962963,0.7035519125683063,0.8354430379746836
72,0.08620689655172414,0.18956521739130433,0.11132112182783449,0.06289308176100628,0.5555555555555556,0.7827868852459017,0.8405063291139241
73,0.08620689655172414,0.18956521739130433,0.11132112182783449,0.2138364779874214,0.5111111111111111,0.793715846994536,0.849367088607595
74,0.08620689655172414,0.18956521739130433,0.11132112182783449,0.36477987421383645,0.3481481481481482,0.6065573770491803,0.8367088607594937
75,0.08620689655172414,0.18956521739130433,0.11134891736387137,0.33962264150943394,0.41481481481481486,0.6502732240437159,0.8291139240506329
76,0.08620689655172414,0.18956521739130433,0.11132112182783449,0.35220125786163525,0.4222222222222223,0.709016393442623,0.8367088607594937
77,0.08620689655172414,0.19014492753623186,0.11134891736387137,0.3836477987421384,0.1111111111111111,0.7240437158469946,0.830379746835443
78,0.08620689655172414,0.18956521739130433,0.11132112182783449,0.3081761006289308,0.362962962962963,0.6653005464480874,0.8240506329113924
79,0.08620689655172414,0.18956521739130433,0.11132112182783449,0.0691823899371069,0.5481481481481482,0.7677595628415301,0.8151898734177214
80,0.08620689655172414,0.18956521739130433,0.11132112182783449,0.31435392919186544,0.42948738990097934,0.6448087431693992,0.8113924050632915
81,0.10344827586206895,0.7785507246376812,0.1531534035633877,0.2578616352201258,0.6592592592592592,0.7008196721311477,0.7936708860759496
82,0.10344827586206895,0.7779710144927536,0.15318119909942463,0.4213836477987421,0.7703703703703704,0.7663934426229506,0.7848101265822787
83,0.10344827586206895,0.7779710144927536,0.1531534035633877,0.4591194968553459,0.5111111111111111,0.6352459016393444,0.7873417721518989
84,0.10344827586206895,0.7785507246376812,0.1531534035633877,0.3710691823899371,0.6074074074074074,0.6571038251366121,0.7898734177215192
85,0.10344827586206895,0.7779710144927536,0.1531534035633877,0.27044025157232704,0.7185185185185186,0.6953551912568305,0.7810126582278483
86,0.10344827586206895,0.7779710144927536,0.1531534035633877,0.2515723270440251,0.5925925925925926,0.7226775956284155,0.7822784810126584
87,0.10344827586206895,0.7779710144927536,0.1531534035633877,0.27044025157232704,0.6518518518518519,0.6461748633879782,0.8012658227848104
88,0.10344827586206895,0.7785507246376812,0.1531534035633877,0.4213836477987421,0.8518518518518519,0.6188524590163937,0.8063291139240505
89,0.10344827586206895,0.7779710144927536,0.1531534035633877,0.44654088050314467,0.7555555555555555,0.6571038251366121,0.8037974683544302
90,0.10344827586206895,0.7779710144927536,0.1531534035633877,0.3207547169811321,0.7259259259259259,0.6243169398907105,0.7987341772151901
91,0.10344827586206895,0.7779710144927536,0.1531534035633877,0.29559748427672955,0.6518518518518519,0.6571038251366121,0.7924050632911395
92,0.10344827586206895,0.7779710144927536,0.1531534035633877,0.3459119496855346,0.6296296296296297,0.6352459016393444,0.8088607594936708
93,0.10344827586206895,0.7779710144927536,0.1531534035633877,0.3459119496855346,0.7037037037037037,0.6243169398907105,0.8215189873417721
94,0.12068965517241378,0.5930434782608696,0.1525974928426495,0.11320754716981135,0.5555555555555556,0.6038251366120222,0.6911392405063288
95,0.12068965517241378,0.5936231884057971,0.1525974928426495,0.3459119496855346,0.5925925925925926,0.5765027322404377,0.5924050632911393
96,0.12068965517241378,0.592463768115942,0.1525974928426495,0.33962264150943394,0.5333333333333333,0.5327868852459021,0.5810126582278481
97,0.12068965517241378,0.5930434782608696,0.1525974928426495,0.1949685534591195,0.5851851851851853,0.4330601092896176,0.4734177215189872
98,0.12068965517241378,0.5936231884057971,0.1525974928426495,0.2515723270440251,0.6370370370370371,0.3510928961748636,0.42784810126582284
99,0.12068965517241378,0.5930434782608696,0.1525974928426495,0.18867924528301883,0.5259259259259259,0.3401639344262297,0.3949367088607594
100,0.12068965517241378,0.592463768115942,0.1525974928426495,0.1823899371069182,0.5777777777777777,0.2909836065573774,0.39367088607594924
101,0.12068965517241378,0.5930434782608696,0.1525974928426495,0.2641509433962264,0.6222222222222222,0.23633879781420752,0.3670886075949369
102,0.12068965517241378,0.5930434782608696,0.1525974928426495,0.2641509433962264,0.6222222222222222,0.2308743169398908,0.330379746835443
103,0.12068965517241378,0.5936231884057971,0.1525974928426495,0.2641509433962264,0.562962962962963,0.2418032786885247,0.31265822784810116
104,0.12068965517241378,0.5930434782608696,0.1525974928426495,0.27044025157232704,0.5259259259259259,0.2418032786885247,0.3037974683544302
105,0.12068965517241378,0.592463768115942,0.1525974928426495,0.2641509433962264,0.562962962962963,0.18579234972677572,0.31392405063291173
106,0.12068965517241378,0.5936231884057971,0.1525974928426495,0.27672955974842767,0.5555555555555556,0.1530054644808745,0.3569620253164558
107,0.13793103448275862,0.46840579710144925,0.15454318036523335,0.3333333333333333,0.4740740740740741,0.32377049180327866,0.27594936708860773
108,0.13793103448275862,0.4678260869565217,0.15454318036523335,0.5408805031446541,0.42962962962962964,0.3647540983606561,0.30126582278480996
109,0.13793103448275862,0.4672463768115942,0.15457097590127028,0.4968553459119497,0.40740740740740744,0.4139344262295084,0.3987341772151898
110,0.13793103448275862,0.4678260869565217,0.15448758929315953,0.29559748427672955,0.5481481481481482,0.38524590163934436,0.35063291139240516
111,0.13793103448275862,0.46840579710144925,0.15448758929315953,0.3333333333333333,0.562962962962963,0.3292349726775958,0.28734177215189893
112,0.13793103448275862,0.46840579710144925,0.15448758929315953,0.2893081761006289,0.4666666666666667,0.2704918032786887,0.21012658227848124
113,0.13793103448275862,0.46840579710144925,0.1544597937571226,0.3207547169811321,0.4740740740740741,0.17896174863387992,0.16202531645569618
114,0.13793103448275862,0.4689855072463768,0.15448758929315953,0.36477987421383645,0.4222222222222223,0.16666666666666696,0.1746835443037975
115,0.13793103448275862,0.46840579710144925,0.15448758929315953,0.3584905660377358,0.4518518518518519,0.15710382513661214,0.1594936708860759
116,0.13793103448275862,0.46840579710144925,0.15451538482919647,0.3962264150943396,0.3851851851851852,0.11885245901639374,0.10632911392405076
117,0.13793103448275862,0.4689855072463768,0.15451538482919647,0.33962264150943394,0.42962962962962964,0.07650273224043769,0.04430379746835422
118,0.13793103448275862,0.4689855072463768,0.15448758929315953,0.36477987421383645,0.5259259259259259,0.0,0.0
119,0.13793103448275862,0.4689855072463768,0.15451538482919647,0.3333333333333333,0.4740740740740741,0.002732240437158584,0.015189873417721156
120,0.15517241379310345,0.36231884057971014,0.15309781249131388,0.22641509433962265,0.3407407407407408,0.5928961748633879,0.617721518987342
121,0.15517241379310345,0.36231884057971014,0.15309781249131388,0.5220125786163522,0.29629629629629634,0.5177595628415306,0.6000000000000001
122,0.15517241379310345,0.36173913043478256,0.1531256080273508,0.5408805031446541,0.23703703703703705,0.4644808743169402,0.5607594936708864
123,0.15517241379310345,0.36289855072463767,0.15309781249131388,0.3081761006289308,0.4,0.5068306010928962,0.5544303797468357
124,0.15517241379310345,0.36231884057971014,0.15309781249131388,0.27044025157232704,0.37777777777777777,0.5396174863387984,0.6012658227848102
125,0.15517241379310345,0.36173913043478256,0.15307001695527694,0.1572327044025157,0.2666666666666667,0.5450819672131151,0.5936708860759494
126,0.15517241379310345,0.36173913043478256,0.15307001695527694,0.18867924528301883,0.32592592592592595,0.4904371584699452,0.5658227848101265
127,0.15517241379310345,0.36173913043478256,0.15307001695527694,0.3584905660377358,0.2740740740740741,0.4371584699453557,0.5392405063291137
128,0.15517241379310345,0.36173913043478256,0.15309781249131388,0.28301886792452824,0.37777777777777777,0.4153005464480879,0.4721518987341775
129,0.15517241379310345,0.36173913043478256,0.15309781249131388,0.3333333333333333,0.3111111111111111,0.389344262295082,0.448101265822785
130,0.15517241379310345,0.36173913043478256,0.15309781249131388,0.3710691823899371,0.21481481481481485,0.319672131147541,0.4265822784810127
131,0.15517241379310345,0.36173913043478256,0.15309781249131388,0.31446540880503143,0.3407407407407408,0.319672131147541,0.3759493670886078
132,0.15517241379310345,0.36231884057971014,0.15309781249131388,0.38993710691823896,0.23703703703703705,0.2978142076502732,0.37721518987341796
133,0.17241379310344826,0.1889855072463768,0.15295883481112932,0.10691823899371067,0.40740740740740744,0.7336065573770494,0.7278481012658231
134,0.17241379310344826,0.18956521739130433,0.15295883481112932,0.1823899371069182,0.4814814814814815,0.7704918032786887,0.7329113924050636
135,0.17241379310344826,0.1889855072463768,0.15295883481112932,0.1383647798742138,0.45925925925925926,0.7650273224043715,0.7443037974683544
136,0.17241379310344826,0.18956521739130433,0.15295883481112932,0.1823899371069182,0.5777777777777777,0.7445355191256833,0.736708860759494
137,0.17241379310344826,0.18956521739130433,0.15295883481112932,0.22641509433962265,0.5185185185185185,0.654371584699454,0.7556962025316456
138,0.17241379310344826,0.18956521739130433,0.15295883481112932,0.10691823899371067,0.2666666666666667,0.7281420765027327,0.7620253164556963
139,0.17241379310344826,0.1889855072463768,0.15295883481112932,0.2138364779874214,0.21481481481481485,0.7062841530054649,0.7569620253164562
140,0.17241379310344826,0.1889855072463768,0.15293103927509244,0.27672955974842767,0.3111111111111111,0.69672131147541,0.7354430379746835
141,0.17241379310344826,0.1889855072463768,0.15298663034716625,0.4025157232704403,0.19259259259259265,0.680327868852459,0.7316455696202531
142,0.17241379310344826,0.1889855072463768,0.15295883481112932,0.27672955974842767,0.2,0.7172131147540983,0.7253164556962028
143,0.17241379310344826,0.1889855072463768,0.15295883481112932,0.3836477987421384,0.37777777777777777,0.6857923497267757,0.7443037974683544
144,0.17241379310344826,0.1889855072463768,0.15298663034716625,0.20125786163522008,0.32592592592592595,0.5846994535519126,0.7303797468354434
145,0.17241379310344826,0.18956521739130433,0.15295883481112932,0.08176100628930821,0.5777777777777777,0.69672131147541,0.7101265822784812
159,0.20689655172413793,0.9466666666666668,0.19406843260972284,0.31446540880503143,0.3851851851851852,0.8360655737704921,0.9139240506329114
160,0.20689655172413793,0.9466666666666668,0.19406843260972284,0.5345911949685535,0.7851851851851852,0.7049180327868854,0.9075949367088607
161,0.20689655172413793,0.9460869565217391,0.19406843260972284,0.8616352201257862,0.6592592592592592,0.807377049180328,0.906329113924051
162,0.20689655172413793,0.9460869565217391,0.19404063707368596,0.7044025157232704,0.35555555555555557,0.7035519125683063,0.9037974683544303
163,0.20689655172413793,0.9460869565217391,0.19404063707368596,0.5911949685534591,0.29629629629629634,0.8948087431693992,0.9455696202531647
164,0.20689655172413793,0.9460869565217391,0.19406843260972284,0.5974842767295597,0.1777777777777778,0.8934426229508201,0.9556962025316453
165,0.20689655172413793,0.9460869565217391,0.19406843260972284,0.6477987421383647,0.09629629629629638,0.846994535519126,0.9430379746835444
166,0.20689655172413793,0.9460869565217391,0.19406843260972284,0.6352201257861635,0.42962962962962964,0.8442622950819669,0.9443037974683546
167,0.20689655172413793,0.9460869565217391,0.19406843260972284,0.8050314465408805,0.4740740740740741,0.8265027322404372,0.9468354430379748
168,0.20689655172413793,0.9466666666666668,0.19406843260972284,0.6981132075471699,0.5111111111111111,0.7486338797814209,0.9341772151898735
169,0.20689655172413793,0.9460869565217391,0.19404063707368596,0.7421383647798742,0.2888888888888889,0.9057377049180331,0.9670886075949365
170,0.20689655172413793,0.9466666666666668,0.19404063707368596,0.6792452830188679,0.5777777777777777,0.7677595628415301,0.9620253164556964
171,0.20689655172413793,0.9466666666666668,0.19406843260972284,0.8301886792452831,0.7851851851851852,0.7103825136612025,0.9405063291139242
172,0.22413793103448273,0.7692753623188406,0.19459654779442426,0.3459119496855346,0.9111111111111112,0.7185792349726778,0.816455696202532
173,0.22413793103448273,0.768695652173913,0.19459654779442426,0.36477987421383645,0.8666666666666667,0.7240437158469946,0.8101265822784813
174,0.22413793103448273,0.768695652173913,0.19459654779442426,0.6477987421383647,0.9037037037037037,0.680327868852459,0.7987341772151901
175,0.22413793103448273,0.7681159420289855,0.19459654779442426,0.7547169811320755,0.7333333333333334,0.654371584699454,0.7797468354430381
176,0.22413793103448273,0.768695652173913,0.19459654779442426,0.5534591194968553,0.837037037037037,0.654371584699454,0.7886075949367091
177,0.22413793103448273,0.7681159420289855,0.19459654779442426,0.5283018867924528,0.8222222222222222,0.6598360655737707,0.7974683544303796
178,0.22413793103448273,0.7681159420289855,0.19459654779442426,0.5157232704402516,0.9185185185185185,0.6325136612021862,0.7721518987341773
179,0.22413793103448273,0.7681159420289855,0.19459654779442426,0.4779874213836478,0.9407407407407407,0.5997267759562841,0.7037974683544306
180,0.22413793103448273,0.768695652173913,0.19459654779442426,0.46540880503144655,0.837037037037037,0.6051912568306013,0.6708860759493671
181,0.22413793103448273,0.768695652173913,0.19459654779442426,0.41509433962264153,0.7851851851851852,0.6106557377049184,0.6531645569620257
182,0.22413793103448273,0.7681159420289855,0.19459654779442426,0.4716981132075472,0.8222222222222222,0.6106557377049184,0.6531645569620257
183,0.22413793103448273,0.768695652173913,0.19459654779442426,0.5408805031446541,0.9259259259259258,0.5724043715846996,0.6569620253164556
184,0.22413793103448273,0.768695652173913,0.19459654779442426,0.5408805031446541,1.0,0.5505464480874318,0.6658227848101266
185,0.2413793103448276,0.6005797101449275,0.19420741028990746,0.17610062893081763,0.7333333333333334,0.4959016393442628,0.5632911392405067
186,0.2413793103448276,0.6005797101449275,0.19420741028990746,0.22012578616352196,0.7111111111111111,0.4644808743169402,0.5620253164556961
187,0.2413793103448276,0.6005797101449275,0.19420741028990746,0.48427672955974843,0.7481481481481482,0.3838797814207653,0.4886075949367088
188,0.2413793103448276,0.6005797101449275,0.19420741028990746,0.5849056603773585,0.6666666666666667,0.3729508196721314,0.462025316455696
189,0.2413793103448276,0.6005797101449275,0.19417961475387052,0.44025157232704404,0.6888888888888889,0.29918032786885274,0.42911392405063253
190,0.2413793103448276,0.6,0.19409622814575977,0.3333333333333333,0.674074074074074,0.29918032786885274,0.4303797468354431
191,0.2413793103448276,0.6005797101449275,0.19417961475387052,0.27672955974842767,0.7481481481481482,0.26639344262295106,0.4594936708860762
192,0.2413793103448276,0.6005797101449275,0.19417961475387052,0.23270440251572322,0.7703703703703704,0.27732240437158495,0.47088607594936693
193,0.2413793103448276,0.6005797101449275,0.19420741028990746,0.2515723270440251,0.674074074074074,0.34699453551912596,0.481012658227848
194,0.2413793103448276,0.6005797101449275,0.19417961475387052,0.3018867924528302,0.5851851851851853,0.33606557377049207,0.4734177215189872
195,0.2413793103448276,0.6005797101449275,0.19420741028990746,0.33962264150943394,0.6592592592592592,0.3155737704918038,0.462025316455696
196,0.2413793103448276,0.6005797101449275,0.19420741028990746,0.3836477987421384,0.7777777777777777,0.19808743169398957,0.3835443037974682
197,0.2413793103448276,0.6005797101449275,0.19420741028990746,0.3836477987421384,0.762962962962963,0.139344262295082,0.2683544303797465
198,0.25862068965517243,0.3652173913043478,0.19445757011423964,0.2515723270440251,0.5333333333333333,0.4426229508196724,0.4037974683544303
199,0.25862068965517243,0.3652173913043478,0.19448536565027658,0.4213836477987421,0.5851851851851853,0.41666666666666696,0.3594936708860761
200,0.25862068965517243,0.3652173913043478,0.19448536565027658,0.3836477987421384,0.6814814814814815,0.31830601092896194,0.3050632911392408
201,0.25862068965517243,0.3652173913043478,0.19445757011423964,0.5031446540880503,0.5259259259259259,0.32377049180327866,0.3253164556962025
202,0.25862068965517243,0.3652173913043478,0.19445757011423964,0.36477987421383645,0.6370370370370371,0.3401639344262297,0.37721518987341796
203,0.25862068965517243,0.3652173913043478,0.19445757011423964,0.28301886792452824,0.4962962962962963,0.3729508196721314,0.3987341772151898
204,0.25862068965517243,0.3652173913043478,0.19445757011423964,0.2578616352201258,0.4666666666666667,0.3729508196721314,0.4075949367088607
205,0.25862068965517243,0.3652173913043478,0.19448536565027658,0.27672955974842767,0.5259259259259259,0.3729508196721314,0.3670886075949369
206,0.25862068965517243,0.3652173913043478,0.19448536565027658,0.35220125786163525,0.4518518518518519,0.35655737704918034,0.35822784810126596
207,0.25862068965517243,0.3652173913043478,0.19448536565027658,0.33962264150943394,0.4222222222222223,0.32377049180327866,0.334177215189873
208,0.25862068965517243,0.3652173913043478,0.19448536565027658,0.37735849056603776,0.4444444444444445,0.3510928961748636,0.3455696202531646
209,0.25862068965517243,0.3652173913043478,0.19448536565027658,0.38993710691823896,0.4740740740740741,0.2868852459016398,0.3379746835443038
211,0.27586206896551724,0.1913043478260869,0.1945409567223504,0.11320754716981135,0.6814814814814815,0.6229508196721314,0.6164556962025314
212,0.27586206896551724,0.1913043478260869,0.1945131611863135,0.1823899371069182,0.7333333333333334,0.6448087431693992,0.5936708860759494
213,0.27586206896551724,0.1918840579710145,0.1945131611863135,0.2893081761006289,0.8222222222222222,0.6338797814207653,0.6012658227848102
214,0.27586206896551724,0.1913043478260869,0.1945131611863135,0.44025157232704404,0.6074074074074074,0.5532786885245904,0.6291139240506332
215,0.27586206896551724,0.1913043478260869,0.1945131611863135,0.27672955974842767,0.5777777777777777,0.5751366120218582,0.6354430379746838
216,0.27586206896551724,0.1913043478260869,0.1945409567223504,0.23270440251572322,0.40740740740740744,0.5327868852459021,0.6012658227848102
217,0.27586206896551724,0.1913043478260869,0.1945131611863135,0.24528301886792453,0.4222222222222223,0.5273224043715845,0.570886075949367
218,0.27586206896551724,0.19072463768115938,0.1945131611863135,0.22641509433962265,0.4740740740740741,0.5382513661202188,0.5556962025316454
219,0.27586206896551724,0.1913043478260869,0.1945131611863135,0.27044025157232704,0.4,0.5382513661202188,0.5506329113924049
220,0.27586206896551724,0.1913043478260869,0.1945131611863135,0.22012578616352196,0.4,0.5218579234972678,0.5354430379746837
221,0.27586206896551724,0.1913043478260869,0.1945131611863135,0.27044025157232704,0.5259259259259259,0.48497267759562845,0.5215189873417718
222,0.27586206896551724,0.1913043478260869,0.1945131611863135,0.3584905660377358,0.3851851851851852,0.43169398907103806,0.5316455696202533
223,0.27586206896551724,0.1913043478260869,0.1945131611863135,0.23270440251572322,0.6148148148148148,0.5327868852459021,0.5316455696202533
224,0.2931034482758621,0.013333333333333253,0.19465213886649807,0.31435392919186544,0.42948738990097934,0.6830601092896176,0.70253164556962
225,0.2931034482758621,0.013333333333333253,0.19470772993857188,0.31435392919186544,0.42948738990097934,0.6612021857923498,0.7063291139240508
226,0.2931034482758621,0.013333333333333253,0.19467993440253495,0.31435392919186544,0.42948738990097934,0.6448087431693992,0.7164556962025319
227,0.2931034482758621,0.013333333333333253,0.19467993440253495,0.31435392919186544,0.42948738990097934,0.5956284153005464,0.7227848101265821
228,0.2931034482758621,0.013333333333333253,0.19467993440253495,0.31435392919186544,0.42948738990097934,0.5464480874316942,0.7151898734177218
229,0.2931034482758621,0.010434782608695625,0.19465213886649807,0.31435392919186544,0.42948738990097934,0.5355191256830603,0.70253164556962
230,0.2931034482758621,0.013333333333333253,0.19465213886649807,0.31435392919186544,0.42948738990097934,0.5519125683060113,0.6999999999999997
231,0.2931034482758621,0.013333333333333253,0.19467993440253495,0.31435392919186544,0.42948738990097934,0.639344262295082,0.6999999999999997
232,0.2931034482758621,0.013333333333333253,0.19467993440253495,0.31435392919186544,0.42948738990097934,0.5683060109289619,0.7050632911392407
233,0.2931034482758621,0.013333333333333253,0.19467993440253495,0.31435392919186544,0.42948738990097934,0.6612021857923498,0.70253164556962
234,0.2931034482758621,0.013333333333333253,0.19467993440253495,0.31435392919186544,0.42948738990097934,0.6174863387978142,0.7050632911392407
235,0.2931034482758621,0.013333333333333253,0.19467993440253495,0.31435392919186544,0.42948738990097934,0.5901639344262297,0.7050632911392407
236,0.2931034482758621,0.013333333333333253,0.19467993440253495,0.31435392919186544,0.42948738990097934,0.6284153005464481,0.6949367088607596
263,0.3448275862068966,0.5953623188405797,0.23617866970564527,0.3584905660377358,0.9777777777777777,0.737704918032787,0.8670886075949369
264,0.3448275862068966,0.5953623188405797,0.23617866970564527,0.44654088050314467,0.9629629629629629,0.7049180327868854,0.8594936708860761
265,0.3448275862068966,0.5953623188405797,0.23617866970564527,0.5660377358490566,0.9703703703703703,0.6844262295081971,0.8531645569620254
266,0.3448275862068966,0.5953623188405797,0.23615087416960834,0.7484276729559749,0.9037037037037037,0.6734972677595628,0.8405063291139241
267,0.3448275862068966,0.5942028985507246,0.23615087416960834,0.5911949685534591,0.8074074074074074,0.6734972677595628,0.8481012658227849
268,0.3448275862068966,0.5947826086956521,0.23617866970564527,0.4716981132075472,0.8888888888888888,0.6898907103825138,0.868354430379747
269,0.3448275862068966,0.5947826086956521,0.23617866970564527,0.3459119496855346,0.9481481481481482,0.6734972677595628,0.8759493670886078
270,0.3448275862068966,0.5959420289855072,0.2360396920254607,0.35220125786163525,0.7703703703703704,0.6629298085833826,0.868354430379747
271,0.3448275862068966,0.5959420289855072,0.23609528309753453,0.6226415094339622,0.8592592592592593,0.6629298085833826,0.8265822784810126
273,0.3448275862068966,0.5959420289855072,0.2360674875614976,0.31435392919186544,0.42948738990097934,0.6629298085833826,0.70253164556962
274,0.3448275862068966,0.5959420289855072,0.2360674875614976,0.4968553459119497,0.9407407407407407,0.6629298085833826,0.7303797468354434
275,0.3448275862068966,0.5959420289855072,0.23609528309753453,0.4716981132075472,0.9407407407407407,0.6629298085833826,0.7379746835443037
276,0.3620689655172414,0.4863768115942029,0.2362064652416822,0.2515723270440251,0.8296296296296296,0.40300546448087493,0.6569620253164556
277,0.3620689655172414,0.4869565217391304,0.2362064652416822,0.3081761006289308,0.7851851851851852,0.33196721311475397,0.5949367088607596
278,0.3620689655172414,0.4869565217391304,0.23623426077771909,0.44025157232704404,0.7851851851851852,0.3155737704918038,0.5215189873417718
279,0.3620689655172414,0.48579710144927535,0.23623426077771909,0.6352201257861635,0.7333333333333334,0.2882513661202184,0.5075949367088608
280,0.3620689655172414,0.48579710144927535,0.23623426077771909,0.3836477987421384,0.6962962962962963,0.24453551912568328,0.5405063291139243
281,0.3620689655172414,0.4863768115942029,0.23623426077771909,0.31435392919186544,0.42948738990097934,0.2226775956284155,0.5924050632911393
282,0.3620689655172414,0.4863768115942029,0.23562275898490703,0.3459119496855346,0.6148148148148148,0.6629298085833826,0.5468354430379749
283,0.3620689655172414,0.4852173913043478,0.23565055452094397,0.15094339622641506,0.48888888888888893,0.6629298085833826,0.5784810126582283
285,0.3620689655172414,0.4863768115942029,0.23562275898490703,0.23270440251572322,0.4222222222222223,0.6629298085833826,0.3962025316455695
286,0.3620689655172414,0.4863768115942029,0.23562275898490703,0.23270440251572322,0.45925925925925926,0.6629298085833826,0.3329113924050633
287,0.3620689655172414,0.48579710144927535,0.23565055452094397,0.29559748427672955,0.5259259259259259,0.6629298085833826,0.30759493670886107
288,0.3620689655172414,0.487536231884058,0.23565055452094397,0.3459119496855346,0.5185185185185185,0.6629298085833826,0.22405063291139227
289,0.37931034482758624,0.36579710144927535,0.23609528309753453,0.3459119496855346,0.6370370370370371,0.4248633879781418,0.3873417721518986
290,0.37931034482758624,0.36579710144927535,0.23609528309753453,0.3333333333333333,0.6370370370370371,0.4467213114754096,0.41265822784810124
291,0.37931034482758624,0.36579710144927535,0.23609528309753453,0.4528301886792453,0.5259259259259259,0.40846994535519165,0.40126582278481004
292,0.37931034482758624,0.3652173913043478,0.23609528309753453,0.6226415094339622,0.45925925925925926,0.3442622950819674,0.37721518987341796
293,0.37931034482758624,0.36579710144927535,0.23609528309753453,0.37735849056603776,0.48888888888888893,0.3114754098360657,0.3924050632911391
295,0.37931034482758624,0.36579710144927535,0.23612307863357146,0.3333333333333333,0.562962962962963,0.26775956284153013,0.278481012658228
296,0.37931034482758624,0.3663768115942029,0.2362064652416822,0.33962264150943394,0.4814814814814815,0.30054644808743225,0.3227848101265822
297,0.37931034482758624,0.3663768115942029,0.2362064652416822,0.27672955974842767,0.5111111111111111,0.3169398907103824,0.3101265822784809
298,0.37931034482758624,0.36579710144927535,0.23617866970564527,0.3207547169811321,0.5481481481481482,0.3333333333333335,0.3443037974683545
299,0.37931034482758624,0.36579710144927535,0.23612307863357146,0.37735849056603776,0.6592592592592592,0.360655737704918,0.38860759493670916
300,0.37931034482758624,0.3652173913043478,0.23609528309753453,0.3710691823899371,0.6444444444444444,0.36612021857923516,0.38860759493670916
301,0.37931034482758624,0.3652173913043478,0.23609528309753453,0.35220125786163525,0.6814814814814815,0.34972677595628454,0.3443037974683545
302,0.39655172413793105,0.18956521739130433,0.2359841009533869,0.1446540880503145,0.837037037037037,0.6707650273224042,0.6582278481012658
303,0.39655172413793105,0.18840579710144922,0.2359841009533869,0.1572327044025157,0.7333333333333334,0.6653005464480874,0.6569620253164556
304,0.39655172413793105,0.1889855072463768,0.2359841009533869,0.3018867924528302,0.6888888888888889,0.639344262295082,0.6075949367088604
305,0.39655172413793105,0.18956521739130433,0.2359841009533869,0.4528301886792453,0.6074074074074074,0.540983606557377,0.608860759493671
306,0.39655172413793105,0.1889855072463768,0.2359841009533869,0.33962264150943394,0.5777777777777777,0.5355191256830603,0.6101265822784812
307,0.39655172413793105,0.1889855072463768,0.2359841009533869,0.27044025157232704,0.7407407407407407,0.5204918032786887,0.5949367088607596
308,0.39655172413793105,0.1889855072463768,0.2359841009533869,0.17610062893081763,0.6814814814814815,0.5901639344262297,0.6000000000000001
309,0.39655172413793105,0.18956521739130433,0.23601189648942378,0.31435392919186544,0.42948738990097934,0.5519125683060113,0.6101265822784812
310,0.41379310344827586,0.01507246376811594,0.23587291880923922,0.0691823899371069,0.7333333333333334,0.6366120218579234,0.6670886075949367
311,0.41379310344827586,0.015652173913043466,0.23590071434527615,0.11949685534591192,0.7407407407407407,0.5887978142076506,0.6620253164556966
312,0.41379310344827586,0.015652173913043466,0.23590071434527615,0.17610062893081763,0.762962962962963,0.44945355191256864,0.6594936708860759
313,0.41379310344827586,0.015652173913043466,0.23590071434527615,0.36477987421383645,0.8222222222222222,0.5245901639344264,0.6620253164556966
314,0.41379310344827586,0.015652173913043466,0.23590071434527615,0.27044025157232704,0.6222222222222222,0.5300546448087435,0.6645569620253169
315,0.41379310344827586,0.01507246376811594,0.23590071434527615,0.18867924528301883,0.5925925925925926,0.5355191256830603,0.660759493670886
316,0.41379310344827586,0.015652173913043466,0.23590071434527615,0.07547169811320753,0.8148148148148148,0.5560109289617485,0.646835443037975
317,0.41379310344827586,0.015652173913043466,0.23590071434527615,0.10691823899371067,0.8074074074074074,0.5396174863387984,0.6405063291139239
318,0.41379310344827586,0.01507246376811594,0.23595630541734997,0.17610062893081763,0.674074074074074,0.5450819672131151,0.6443037974683548
319,0.41379310344827586,0.015652173913043466,0.23590071434527615,0.23270440251572322,0.6,0.5450819672131151,0.6518987341772151
320,0.41379310344827586,0.015652173913043466,0.23590071434527615,0.31446540880503143,0.6296296296296297,0.5396174863387984,0.6544303797468354
321,0.41379310344827586,0.015652173913043466,0.23590071434527615,0.3584905660377358,0.7481481481481482,0.5191256830601092,0.6569620253164556
322,0.41379310344827586,0.015652173913043466,0.23590071434527615,0.3459119496855346,0.762962962962963,0.5136612021857925,0.6518987341772151
323,0.4310344827586207,0.943768115942029,0.0001667732162214941,0.31435392919186544,0.42948738990097934,0.6912568306010933,0.7455696202531645
324,0.4310344827586207,0.9431884057971014,0.00025015982433224115,0.31435392919186544,0.42948738990097934,0.7513661202185791,0.7493670886075949
325,0.4310344827586207,0.943768115942029,0.0001667732162214941,0.31435392919186544,0.42948738990097934,0.7240437158469946,0.7506329113924055
326,0.4310344827586207,0.943768115942029,0.0001667732162214941,0.31435392919186544,0.42948738990097934,0.7131147540983611,0.7531645569620253
327,0.4310344827586207,0.943768115942029,0.0001667732162214941,0.31435392919186544,0.42948738990097934,0.6133879781420766,0.7531645569620253
328,0.4310344827586207,0.943768115942029,0.0001667732162214941,0.31435392919186544,0.42948738990097934,0.7185792349726778,0.7518987341772152
329,0.4310344827586207,0.943768115942029,0.0001667732162214941,0.31435392919186544,0.42948738990097934,0.7021857923497268,0.7556962025316456
330,0.4310344827586207,0.943768115942029,0.0001667732162214941,0.31435392919186544,0.42948738990097934,0.7459016393442623,0.7620253164556963
331,0.4310344827586207,0.943768115942029,0.0001667732162214941,0.31435392919186544,0.42948738990097934,0.7349726775956289,0.7544303797468355
332,0.4310344827586207,0.9431884057971014,0.0001667732162214941,0.31435392919186544,0.42948738990097934,0.7185792349726778,0.7582278481012659
333,0.4310344827586207,0.943768115942029,0.0001667732162214941,0.31435392919186544,0.42948738990097934,0.7131147540983611,0.7569620253164562
334,0.4310344827586207,0.943768115942029,0.0001667732162214941,0.31435392919186544,0.42948738990097934,0.6748633879781423,0.7569620253164562
335,0.4310344827586207,0.9431884057971014,0.00019456875225831727,0.31435392919186544,0.42948738990097934,0.6912568306010933,0.7620253164556963
336,0.4310344827586207,0.943768115942029,0.0001667732162214941,0.31435392919186544,0.42948738990097934,0.7295081967213113,0.7645569620253165
337,0.4310344827586207,0.943768115942029,0.0001667732162214941,0.31435392919186544,0.42948738990097934,0.7295081967213113,0.7645569620253165
338,0.4482758620689655,0.5971014492753624,1.0,0.1823899371069182,0.23703703703703705,0.7336065573770494,0.7556962025316456
339,0.4482758620689655,0.5976811594202899,1.0,0.15094339622641506,0.4518518518518519,0.6106557377049184,0.7392405063291143
340,0.4482758620689655,0.5976811594202899,1.0,0.20754716981132076,0.33333333333333337,0.7295081967213113,0.759493670886076
341,0.46551724137931033,0.4840579710144927,0.00027795536036911983,0.28301886792452824,0.2888888888888889,0.7295081967213113,0.7151898734177218
342,0.46551724137931033,0.4846376811594203,0.00027795536036911983,0.27672955974842767,0.4666666666666667,0.7295081967213113,0.736708860759494
343,0.46551724137931033,0.4846376811594203,0.00027795536036911983,0.2641509433962264,0.3481481481481482,0.7295081967213113,0.7746835443037976
344,0.46551724137931033,0.4846376811594203,0.00027795536036911983,0.2578616352201258,0.31851851851851853,0.7718579234972682,0.7936708860759496
345,0.46551724137931033,0.4846376811594203,0.00027795536036911983,0.29559748427672955,0.5111111111111111,0.7882513661202184,0.8202531645569624
346,0.46551724137931033,0.4846376811594203,0.00027795536036911983,0.3270440251572327,0.2518518518518519,0.793715846994536,0.8379746835443038
347,0.46551724137931033,0.4846376811594203,0.00027795536036911983,0.4528301886792453,0.2666666666666667,0.7404371584699456,0.8316455696202536
348,0.46551724137931033,0.4846376811594203,0.00027795536036911983,0.41509433962264153,0.3481481481481482,0.7404371584699456,0.8379746835443038
349,0.46551724137931033,0.4846376811594203,0.00027795536036911983,0.28301886792452824,0.37777777777777777,0.7827868852459017,0.8759493670886078
350,0.46551724137931033,0.4846376811594203,0.00027795536036911983,0.27672955974842767,0.3481481481481482,0.7827868852459017,0.8759493670886078
351,0.46551724137931033,0.4846376811594203,0.00027795536036911983,0.23270440251572322,0.3703703703703704,0.6816939890710385,0.8594936708860761
352,0.46551724137931033,0.4846376811594203,0.00027795536036911983,0.3333333333333333,0.2888888888888889,0.7609289617486339,0.8265822784810126
353,0.46551724137931033,0.4846376811594203,0.00027795536036911983,0.2641509433962264,0.2592592592592593,0.7663934426229506,0.8177215189873417
354,0.46551724137931033,0.4840579710144927,0.00027795536036911983,0.1383647798742138,0.3481481481481482,0.7663934426229506,0.7658227848101267
355,0.4827586206896552,0.3646376811594203,0.00027795536036911983,0.3836477987421384,0.4,0.668032786885246,0.8417721518987342
356,0.4827586206896552,0.3646376811594203,0.0003057508964059985,0.29559748427672955,0.2888888888888889,0.7267759562841531,0.8291139240506329
357,0.4827586206896552,0.3646376811594203,0.0003057508964059985,0.36477987421383645,0.2592592592592593,0.7745901639344264,0.8708860759493673
358,0.4827586206896552,0.3652173913043478,0.0003335464324429882,0.3710691823899371,0.5407407407407407,0.8019125683060109,0.8734177215189876
359,0.4827586206896552,0.3652173913043478,0.0003335464324429882,0.3962264150943396,0.3111111111111111,0.7691256830601096,0.9037974683544303
360,0.4827586206896552,0.3646376811594203,0.0003335464324429882,0.3836477987421384,0.3111111111111111,0.6202185792349733,0.8784810126582276
361,0.4827586206896552,0.3646376811594203,0.0003335464324429882,0.37735849056603776,0.35555555555555557,0.8019125683060109,0.8987341772151898
362,0.4827586206896552,0.3646376811594203,0.0003335464324429882,0.29559748427672955,0.3925925925925926,0.8224043715846991,0.906329113924051
363,0.4827586206896552,0.3646376811594203,0.0003335464324429882,0.4213836477987421,0.30370370370370375,0.8114754098360657,0.906329113924051
364,0.4827586206896552,0.3646376811594203,0.0003335464324429882,0.2641509433962264,0.3481481481481482,0.7964480874316942,0.9025316455696206
365,0.4827586206896552,0.3652173913043478,0.0003335464324429882,0.3836477987421384,0.32592592592592595,0.8387978142076502,0.9177215189873422
366,0.4827586206896552,0.3646376811594203,0.0003335464324429882,0.3584905660377358,0.17037037037037045,0.6939890710382515,0.9025316455696206
367,0.4827586206896552,0.3646376811594203,0.0003613419684798669,0.1446540880503145,0.2592592592592593,0.8702185792349728,0.8974683544303801
368,0.4827586206896552,0.3646376811594203,0.0003613419684798669,0.1446540880503145,0.2592592592592593,0.8702185792349728,0.8974683544303801
369,0.5,0.1889855072463768,2.7795536036934188e-05,0.31435392919186544,0.42948738990097934,0.6629298085833826,0.8734177215189876
370,0.5,0.18840579710144922,2.7795536036934188e-05,0.31435392919186544,0.42948738990097934,0.6629298085833826,0.8632911392405065
371,0.5,0.18840579710144922,5.5591072073868375e-05,0.31435392919186544,0.42948738990097934,0.6629298085833826,0.8873417721518986
372,0.5,0.18840579710144922,0.0,0.31435392919186544,0.42948738990097934,0.6629298085833826,0.8860759493670889
373,0.5,0.1889855072463768,2.7795536036934188e-05,0.31435392919186544,0.42948738990097934,0.6629298085833826,0.8746835443037977
374,0.5,0.1889855072463768,2.7795536036934188e-05,0.31435392919186544,0.42948738990097934,0.6629298085833826,0.8860759493670889
375,0.5,0.1889855072463768,2.7795536036934188e-05,0.31435392919186544,0.42948738990097934,0.6629298085833826,0.8620253164556964
376,0.5,0.1889855072463768,2.7795536036934188e-05,0.31435392919186544,0.42948738990097934,0.6629298085833826,0.8632911392405065
377,0.5,0.1889855072463768,2.7795536036934188e-05,0.31446540880503143,0.4740740740740741,0.6629298085833826,0.8734177215189876
378,0.5,0.1889855072463768,2.7795536036934188e-05,0.4339622641509434,0.5333333333333333,0.6629298085833826,0.9025316455696206
379,0.5,0.1889855072463768,2.7795536036934188e-05,0.3584905660377358,0.4518518518518519,0.6629298085833826,0.9075949367088607
380,0.5,0.1889855072463768,2.7795536036934188e-05,0.4779874213836478,0.37777777777777777,0.6629298085833826,0.9037974683544303
381,0.5,0.18840579710144922,2.7795536036934188e-05,0.28301886792452824,0.23703703703703705,0.6629298085833826,0.9050632911392404
382,0.5,0.18840579710144922,2.7795536036934188e-05,0.1446540880503145,0.2518518518518519,0.6629298085833826,0.8898734177215188
383,0.5172413793103448,0.017971014492753623,0.0003057508964059985,0.44654088050314467,0.3925925925925926,0.6629298085833826,0.8974683544303801
384,0.5172413793103448,0.017971014492753623,0.00027795536036911983,0.3710691823899371,0.5555555555555556,0.6629298085833826,0.906329113924051
385,0.5172413793103448,0.017971014492753623,0.00027795536036911983,0.15094339622641506,0.45925925925925926,0.6629298085833826,0.8810126582278479
386,0.5172413793103448,0.017971014492753623,0.00027795536036911983,0.20754716981132076,0.6296296296296297,0.6629298085833826,0.8746835443037977
387,0.5172413793103448,0.017971014492753623,0.0003057508964059985,0.27044025157232704,0.6296296296296297,0.6629298085833826,0.872151898734177
388,0.5172413793103448,0.017971014492753623,0.00027795536036911983,0.2893081761006289,0.5851851851851853,0.6629298085833826,0.868354430379747
389,0.5172413793103448,0.017971014492753623,0.00027795536036911983,0.3459119496855346,0.5555555555555556,0.6629298085833826,0.8594936708860761
390,0.5172413793103448,0.017971014492753623,0.0003057508964059985,0.3459119496855346,0.4814814814814815,0.6629298085833826,0.8607594936708862
391,0.5172413793103448,0.017971014492753623,0.0003057508964059985,0.2138364779874214,0.6,0.6629298085833826,0.8544303797468356
392,0.5172413793103448,0.017971014492753623,0.0003057508964059985,0.2641509433962264,0.4962962962962963,0.6629298085833826,0.8632911392405065
393,0.5172413793103448,0.017971014492753623,0.00027795536036911983,0.20125786163522008,0.40740740740740744,0.6629298085833826,0.8531645569620254
394,0.5172413793103448,0.017391304347826042,0.0003057508964059985,0.1949685534591195,0.362962962962963,0.6629298085833826,0.8443037974683545
395,0.5172413793103448,0.017971014492753623,0.00027795536036911983,0.1823899371069182,0.3407407407407408,0.6629298085833826,0.8455696202531646
397,0.5344827586206896,0.9443478260869564,0.02754537621258024,0.09433962264150941,0.10370370370370374,0.7158469945355193,0.7316455696202531
398,0.5344827586206896,0.9443478260869564,0.02754537621258024,0.08805031446540879,0.059259259259259345,0.7213114754098364,0.7291139240506328
399,0.5344827586206896,0.9443478260869564,0.02754537621258024,0.10062893081761004,0.05185185185185187,0.7117486338797816,0.7278481012658231
400,0.5344827586206896,0.9443478260869564,0.02754537621258024,0.09433962264150941,0.11851851851851858,0.7158469945355193,0.7354430379746835
401,0.5344827586206896,0.9443478260869564,0.02754537621258024,0.17610062893081763,0.05185185185185187,0.7117486338797816,0.736708860759494
402,0.5344827586206896,0.943768115942029,0.02754537621258024,0.16981132075471694,0.10370370370370374,0.7008196721311477,0.736708860759494
403,0.5344827586206896,0.9443478260869564,0.02757317174861712,0.11949685534591192,0.12592592592592594,0.7062841530054649,0.7341772151898733
404,0.5344827586206896,0.943768115942029,0.02757317174861712,0.18867924528301883,0.14074074074074078,0.7008196721311477,0.7379746835443037
405,0.5344827586206896,0.943768115942029,0.02757317174861712,0.2138364779874214,0.1555555555555556,0.6844262295081971,0.740506329113924
406,0.5344827586206896,0.943768115942029,0.02754537621258024,0.22641509433962265,0.13333333333333341,0.6584699453551912,0.740506329113924
407,0.5344827586206896,0.9443478260869564,0.02754537621258024,0.2389937106918239,0.2814814814814815,0.668032786885246,0.7417721518987346
408,0.5344827586206896,0.943768115942029,0.02754537621258024,0.3270440251572327,0.2740740740740741,0.6789617486338799,0.7531645569620253
409,0.5344827586206896,0.943768115942029,0.02757317174861712,0.27044025157232704,0.31851851851851853,0.7213114754098364,0.7556962025316456
410,0.5344827586206896,0.943768115942029,0.027517580676543363,0.1383647798742138,0.3703703703703704,0.6953551912568305,0.7696202531645571
411,0.5517241379310345,0.768695652173913,0.02782333157294936,0.06289308176100628,0.2666666666666667,0.6980874316939891,0.7632911392405064
412,0.5517241379310345,0.7681159420289855,0.027767740500875604,0.06289308176100628,0.2518518518518519,0.7172131147540983,0.759493670886076
413,0.5517241379310345,0.7681159420289855,0.027795536036912483,0.0,0.3407407407407408,0.6489071038251364,0.7531645569620253
414,0.5517241379310345,0.768695652173913,0.027795536036912483,0.0691823899371069,0.32592592592592595,0.6133879781420766,0.7455696202531645
415,0.5517241379310345,0.768695652173913,0.027767740500875604,0.08176100628930821,0.23703703703703705,0.6830601092896176,0.7468354430379747
416,0.5517241379310345,0.7681159420289855,0.027767740500875604,0.07547169811320753,0.4,0.668032786885246,0.7443037974683544
417,0.5517241379310345,0.7681159420289855,0.027795536036912483,0.03144654088050314,0.31851851851851853,0.6953551912568305,0.7493670886075949
418,0.5517241379310345,0.7681159420289855,0.027767740500875604,0.1383647798742138,0.2814814814814815,0.6434426229508197,0.7430379746835443
419,0.5517241379310345,0.7681159420289855,0.027795536036912483,0.1823899371069182,0.1111111111111111,0.7008196721311477,0.7379746835443037
420,0.5517241379310345,0.7681159420289855,0.02782333157294936,0.16981132075471694,0.14074074074074078,0.6830601092896176,0.7430379746835443
421,0.5517241379310345,0.7681159420289855,0.027767740500875604,0.20125786163522008,0.19259259259259265,0.6816939890710385,0.7455696202531645
422,0.5517241379310345,0.7681159420289855,0.027767740500875604,0.2515723270440251,0.21481481481481485,0.6994535519125686,0.7531645569620253
423,0.5517241379310345,0.7681159420289855,0.027767740500875604,0.29559748427672955,0.3851851851851852,0.668032786885246,0.7708860759493672
424,0.5517241379310345,0.7681159420289855,0.027767740500875604,0.16981132075471694,0.6370370370370371,0.5655737704918034,0.7670886075949368
425,0.5689655172413792,0.5942028985507246,0.027656558356727867,0.2578616352201258,0.21481481481481485,0.7008196721311477,0.7493670886075949
426,0.5689655172413792,0.5947826086956521,0.027656558356727867,0.20125786163522008,0.24444444444444446,0.7281420765027327,0.740506329113924
427,0.5689655172413792,0.5947826086956521,0.027684353892764857,0.17610062893081763,0.4444444444444445,0.7172131147540983,0.7316455696202531
428,0.5689655172413792,0.5947826086956521,0.027684353892764857,0.2515723270440251,0.42962962962962964,0.6912568306010933,0.7291139240506328
429,0.5689655172413792,0.5942028985507246,0.027684353892764857,0.2641509433962264,0.4518518518518519,0.7008196721311477,0.7278481012658231
430,0.5689655172413792,0.5947826086956521,0.027684353892764857,0.28301886792452824,0.40740740740740744,0.7062841530054649,0.7278481012658231
431,0.5689655172413792,0.5947826086956521,0.027712149428801736,0.2641509433962264,0.24444444444444446,0.7226775956284155,0.7088607594936707
432,0.5689655172413792,0.5947826086956521,0.027684353892764857,0.33962264150943394,0.37777777777777777,0.6748633879781423,0.7303797468354434
433,0.5689655172413792,0.5942028985507246,0.027712149428801736,0.3584905660377358,0.40740740740740744,0.5833333333333335,0.7468354430379747
434,0.5689655172413792,0.5942028985507246,0.027712149428801736,0.3270440251572327,0.14814814814814814,0.6748633879781423,0.7518987341772152
435,0.5689655172413792,0.5942028985507246,0.027712149428801736,0.3207547169811321,0.22222222222222227,0.6857923497267757,0.7582278481012659
436,0.5689655172413792,0.5942028985507246,0.027712149428801736,0.3270440251572327,0.23703703703703705,0.7172131147540983,0.7746835443037976
437,0.5689655172413792,0.5947826086956521,0.027684353892764857,0.31446540880503143,0.3407407407407408,0.7486338797814209,0.7772151898734174
438,0.5689655172413792,0.5942028985507246,0.027712149428801736,0.16352201257861637,0.5037037037037038,0.7540983606557377,0.7860759493670884
439,0.5862068965517241,0.47826086956521735,0.027656558356727867,0.27672955974842767,0.2814814814814815,0.6830601092896176,0.6658227848101266
440,0.5862068965517241,0.47826086956521735,0.02762876282069099,0.2515723270440251,0.2740740740740741,0.7418032786885247,0.7354430379746835
441,0.5862068965517241,0.47826086956521735,0.027656558356727867,0.24528301886792453,0.33333333333333337,0.7527322404371586,0.7518987341772152
442,0.5862068965517241,0.47826086956521735,0.02762876282069099,0.20754716981132076,0.3407407407407408,0.7418032786885247,0.7253164556962028
443,0.5862068965517241,0.47826086956521735,0.027656558356727867,0.2578616352201258,0.43703703703703706,0.7308743169398908,0.7164556962025319
444,0.5862068965517241,0.47826086956521735,0.027656558356727867,0.28301886792452824,0.3111111111111111,0.7418032786885247,0.7734177215189875
445,0.5862068965517241,0.47826086956521735,0.027656558356727867,0.2515723270440251,0.30370370370370375,0.7677595628415301,0.8050632911392408
446,0.5862068965517241,0.47826086956521735,0.027656558356727867,0.33962264150943394,0.37777777777777777,0.7732240437158469,0.8291139240506329
447,0.5862068965517241,0.47826086956521735,0.027656558356727867,0.3710691823899371,0.42962962962962964,0.8005464480874318,0.8607594936708862
448,0.5862068965517241,0.47826086956521735,0.027656558356727867,0.3584905660377358,0.14814814814814814,0.7527322404371586,0.8139240506329117
449,0.5862068965517241,0.47826086956521735,0.027656558356727867,0.3459119496855346,0.23703703703703705,0.7472677595628419,0.7974683544303796
450,0.5862068965517241,0.47826086956521735,0.027656558356727867,0.31446540880503143,0.18518518518518523,0.7527322404371586,0.7658227848101267
451,0.5862068965517241,0.4776811594202898,0.02762876282069099,0.2893081761006289,0.2814814814814815,0.7363387978142075,0.7291139240506328
452,0.5862068965517241,0.47826086956521735,0.02762876282069099,0.1823899371069182,0.3481481481481482,0.7199453551912569,0.7189873417721522
453,0.603448275862069,0.35536231884057967,0.027656558356727867,0.2893081761006289,0.30370370370370375,0.8538251366120218,0.9050632911392404
454,0.603448275862069,0.35478260869565215,0.027656558356727867,0.2893081761006289,0.3481481481481482,0.7172131147540983,0.8911392405063294
455,0.603448275862069,0.35536231884057967,0.027656558356727867,0.3018867924528302,0.31851851851851853,0.8101092896174862,0.8949367088607598
456,0.603448275862069,0.35536231884057967,0.027656558356727867,0.29559748427672955,0.2888888888888889,0.831967213114754,0.906329113924051
457,0.603448275862069,0.35536231884057967,0.027656558356727867,0.3584905660377358,0.3925925925925926,0.8155737704918038,0.906329113924051
458,0.603448275862069,0.35536231884057967,0.027684353892764857,0.2641509433962264,0.32592592592592595,0.7991803278688527,0.8962025316455695
459,0.603448275862069,0.35478260869565215,0.027684353892764857,0.3270440251572327,0.13333333333333341,0.8756830601092895,0.8848101265822788
460,0.603448275862069,0.35478260869565215,0.027684353892764857,0.5220125786163522,0.3851851851851852,0.7390710382513661,0.9126582278481012
461,0.603448275862069,0.35478260869565215,0.027684353892764857,0.5157232704402516,0.4666666666666667,0.7882513661202184,0.9518987341772154
462,0.603448275862069,0.35478260869565215,0.027684353892764857,0.3836477987421384,0.42962962962962964,0.8101092896174862,0.9367088607594938
463,0.603448275862069,0.35478260869565215,0.027684353892764857,0.3710691823899371,0.37777777777777777,0.7718579234972682,0.9189873417721519
464,0.603448275862069,0.35478260869565215,0.027684353892764857,0.27672955974842767,0.21481481481481485,0.668032786885246,0.9000000000000004
465,0.603448275862069,0.35478260869565215,0.027684353892764857,0.3081761006289308,0.17037037037037045,0.7882513661202184,0.8848101265822788
466,0.603448275862069,0.35478260869565215,0.027684353892764857,0.11320754716981135,0.4,0.8866120218579239,0.8898734177215188
467,0.6206896551724137,0.18956521739130433,0.027739944964838614,0.31435392919186544,0.42948738990097934,0.7978142076502732,0.8987341772151898
468,0.6206896551724137,0.18956521739130433,0.027739944964838614,0.31435392919186544,0.42948738990097934,0.8360655737704921,0.8924050632911391
469,0.6206896551724137,0.18956521739130433,0.027739944964838614,0.31435392919186544,0.42948738990097934,0.8729508196721314,0.9443037974683546
470,0.6206896551724137,0.18956521739130433,0.027739944964838614,0.31435392919186544,0.42948738990097934,0.8674863387978142,0.9341772151898735
471,0.6206896551724137,0.18956521739130433,0.027767740500875604,0.31435392919186544,0.42948738990097934,0.8510928961748636,0.9139240506329114
472,0.6206896551724137,0.18956521739130433,0.027739944964838614,0.31435392919186544,0.42948738990097934,0.7978142076502732,0.8911392405063294
473,0.6206896551724137,0.1889855072463768,0.027767740500875604,0.31435392919186544,0.42948738990097934,0.7882513661202184,0.8784810126582276
474,0.6206896551724137,0.18956521739130433,0.027739944964838614,0.31435392919186544,0.42948738990097934,0.8401639344262297,0.9126582278481012
475,0.6206896551724137,0.18956521739130433,0.027739944964838614,0.31435392919186544,0.42948738990097934,0.7609289617486339,0.9164556962025316
476,0.6206896551724137,0.18956521739130433,0.027739944964838614,0.31435392919186544,0.42948738990097934,0.819672131147541,0.9227848101265823
477,0.6206896551724137,0.18956521739130433,0.027739944964838614,0.31435392919186544,0.42948738990097934,0.8784153005464481,0.9113924050632916
478,0.6206896551724137,0.18956521739130433,0.027739944964838614,0.31435392919186544,0.42948738990097934,0.8784153005464481,0.8924050632911391
479,0.6206896551724137,0.1889855072463768,0.027739944964838614,0.31435392919186544,0.42948738990097934,0.8510928961748636,0.8936708860759497
480,0.6206896551724137,0.18956521739130433,0.027739944964838614,0.31435392919186544,0.42948738990097934,0.904371584699454,0.8924050632911391
481,0.6379310344827586,0.017391304347826042,0.02762876282069099,0.31435392919186544,0.42948738990097934,0.7459016393442623,0.9037974683544303
482,0.6379310344827586,0.017391304347826042,0.02762876282069099,0.31435392919186544,0.42948738990097934,0.7677595628415301,0.8949367088607598
483,0.6379310344827586,0.017391304347826042,0.02762876282069099,0.17610062893081763,0.6074074074074074,0.7295081967213113,0.8873417721518986
484,0.6379310344827586,0.017391304347826042,0.02762876282069099,0.31435392919186544,0.42948738990097934,0.7240437158469946,0.872151898734177
486,0.6379310344827586,0.017391304347826042,0.02762876282069099,0.16981132075471694,0.4740740740740741,0.8169398907103824,0.8797468354430382
488,0.6379310344827586,0.01623188405797099,0.027712149428801736,0.36477987421383645,0.5555555555555556,0.7622950819672134,0.8784810126582276
490,0.6379310344827586,0.01623188405797099,0.027712149428801736,0.38993710691823896,0.4740740740740741,0.7841530054644812,0.9075949367088607
493,0.6379310344827586,0.01623188405797099,0.027712149428801736,0.31435392919186544,0.42948738990097934,0.7062841530054649,0.8860759493670889
494,0.6551724137931034,0.9420289855072463,0.06937765794813355,0.31435392919186544,0.42948738990097934,0.6629298085833826,0.688607594936709
495,0.6551724137931034,0.9420289855072463,0.06940545348417043,0.31435392919186544,0.42948738990097934,0.6629298085833826,0.688607594936709
496,0.6551724137931034,0.9420289855072463,0.06937765794813355,0.31435392919186544,0.42948738990097934,0.6629298085833826,0.688607594936709
497,0.6551724137931034,0.942608695652174,0.06940545348417043,0.31435392919186544,0.42948738990097934,0.6629298085833826,0.6911392405063288
498,0.6551724137931034,0.9420289855072463,0.06940545348417043,0.31435392919186544,0.42948738990097934,0.6629298085833826,0.6949367088607596
499,0.6551724137931034,0.942608695652174,0.06937765794813355,0.31435392919186544,0.42948738990097934,0.6629298085833826,0.6962025316455698
500,0.6551724137931034,0.9420289855072463,0.06940545348417043,0.31435392919186544,0.42948738990097934,0.6629298085833826,0.6962025316455698
501,0.6551724137931034,0.9420289855072463,0.06940545348417043,0.31435392919186544,0.42948738990097934,0.6629298085833826,0.70253164556962
502,0.6551724137931034,0.9420289855072463,0.06940545348417043,0.31435392919186544,0.42948738990097934,0.6629298085833826,0.7088607594936707
503,0.6551724137931034,0.942608695652174,0.06940545348417043,0.31435392919186544,0.42948738990097934,0.6629298085833826,0.707594936708861
504,0.6551724137931034,0.9420289855072463,0.06937765794813355,0.31435392919186544,0.42948738990097934,0.6629298085833826,0.7164556962025319
505,0.6551724137931034,0.9420289855072463,0.06940545348417043,0.31435392919186544,0.42948738990097934,0.6629298085833826,0.7164556962025319
506,0.6551724137931034,0.942608695652174,0.06937765794813355,0.31435392919186544,0.42948738990097934,0.6629298085833826,0.7139240506329112
507,0.6551724137931034,0.942608695652174,0.06940545348417043,0.31435392919186544,0.42948738990097934,0.6629298085833826,0.7113924050632909
508,0.6724137931034483,0.768695652173913,0.06957222670039193,0.16981132075471694,0.3407407407407408,0.5396174863387984,0.7291139240506328
509,0.6724137931034483,0.7681159420289855,0.06957222670039193,0.11949685534591192,0.3111111111111111,0.5450819672131151,0.7265822784810125
510,0.6724137931034483,0.768695652173913,0.0696000222364288,0.12578616352201255,0.17037037037037045,0.6379781420765029,0.7291139240506328
511,0.6724137931034483,0.768695652173913,0.06957222670039193,0.12578616352201255,0.2592592592592593,0.6762295081967218,0.7316455696202531
512,0.6724137931034483,0.768695652173913,0.0696000222364288,0.13207547169811323,0.33333333333333337,0.6489071038251364,0.7278481012658231
513,0.6724137931034483,0.768695652173913,0.0696000222364288,0.1949685534591195,0.3111111111111111,0.5778688524590163,0.7303797468354434
514,0.6724137931034483,0.768695652173913,0.06957222670039193,0.36477987421383645,0.2518518518518519,0.6215846994535519,0.7215189873417724
515,0.6724137931034483,0.768695652173913,0.0696000222364288,0.35220125786163525,0.33333333333333337,0.6379781420765029,0.7556962025316456
516,0.6724137931034483,0.768695652173913,0.0696000222364288,0.5911949685534591,0.4962962962962963,0.7308743169398908,0.8455696202531646
517,0.6724137931034483,0.7692753623188406,0.0696000222364288,0.4591194968553459,0.5111111111111111,0.654371584699454,0.868354430379747
518,0.6724137931034483,0.7692753623188406,0.0696000222364288,0.27672955974842767,0.4814814814814815,0.7035519125683063,0.8518987341772157
519,0.6724137931034483,0.7681159420289855,0.06957222670039193,0.16981132075471694,0.43703703703703706,0.6980874316939891,0.7962025316455699
520,0.6724137931034483,0.7692753623188406,0.0696000222364288,0.05031446540880502,0.4444444444444445,0.6653005464480874,0.778481012658228
521,0.6724137931034483,0.768695652173913,0.06957222670039193,0.18867924528301883,0.4518518518518519,0.6379781420765029,0.7658227848101267
522,0.689655172413793,0.5953623188405797,0.06951663562831806,0.5031446540880503,0.4814814814814815,0.6629298085833826,0.7278481012658231
523,0.689655172413793,0.5947826086956521,0.06954443116435505,0.33962264150943394,0.3407407407407408,0.6629298085833826,0.7379746835443037
524,0.689655172413793,0.5953623188405797,0.06948884009228118,0.27672955974842767,0.3703703703703704,0.6629298085833826,0.7177215189873416
525,0.689655172413793,0.5953623188405797,0.06951663562831806,0.2578616352201258,0.43703703703703706,0.6629298085833826,0.688607594936709
526,0.689655172413793,0.5953623188405797,0.06951663562831806,0.23270440251572322,0.6148148148148148,0.6629298085833826,0.6936708860759495
527,0.689655172413793,0.5953623188405797,0.06951663562831806,0.27672955974842767,0.5777777777777777,0.6629298085833826,0.6835443037974684
528,0.689655172413793,0.5947826086956521,0.06951663562831806,0.3270440251572327,0.35555555555555557,0.6629298085833826,0.6974683544303799
529,0.689655172413793,0.5953623188405797,0.06951663562831806,0.37735849056603776,0.362962962962963,0.6629298085833826,0.7177215189873416
530,0.689655172413793,0.5947826086956521,0.06951663562831806,0.4716981132075472,0.5925925925925926,0.6629298085833826,0.7721518987341773
531,0.689655172413793,0.5947826086956521,0.06954443116435505,0.33962264150943394,0.5925925925925926,0.6629298085833826,0.7506329113924055
532,0.689655172413793,0.5953623188405797,0.06954443116435505,0.22012578616352196,0.5185185185185185,0.6629298085833826,0.7177215189873416
533,0.689655172413793,0.5953623188405797,0.06954443116435505,0.16981132075471694,0.562962962962963,0.6629298085833826,0.6911392405063288
534,0.689655172413793,0.5953623188405797,0.06954443116435505,0.10062893081761004,0.6814814814814815,0.6629298085833826,0.6746835443037975
535,0.689655172413793,0.5953623188405797,0.06954443116435505,0.29559748427672955,0.6074074074074074,0.6629298085833826,0.660759493670886
536,0.7068965517241379,0.48,0.06951663562831806,0.559748427672956,0.4666666666666667,0.4398907103825138,0.5924050632911393
537,0.7068965517241379,0.47942028985507246,0.06951663562831806,0.44654088050314467,0.3407407407407408,0.5491803278688523,0.6379746835443041
538,0.7068965517241379,0.48,0.06954443116435505,0.3333333333333333,0.2666666666666667,0.5819672131147544,0.6531645569620257
539,0.7068965517241379,0.48,0.06951663562831806,0.2893081761006289,0.33333333333333337,0.5765027322404377,0.650632911392405
540,0.7068965517241379,0.48,0.06951663562831806,0.22641509433962265,0.40740740740740744,0.6051912568306013,0.6645569620253169
541,0.7068965517241379,0.48,0.06951663562831806,0.3207547169811321,0.35555555555555557,0.6051912568306013,0.6734177215189878
542,0.7068965517241379,0.47942028985507246,0.06951663562831806,0.3459119496855346,0.2666666666666667,0.5874316939890711,0.7088607594936707
543,0.7068965517241379,0.48,0.06951663562831806,0.3962264150943396,0.2740740740740741,0.5819672131147544,0.7063291139240508
544,0.7068965517241379,0.48,0.06951663562831806,0.4025157232704403,0.4740740740740741,0.5819672131147544,0.7126582278481015
545,0.7068965517241379,0.48,0.06951663562831806,0.3018867924528302,0.3925925925925926,0.5437158469945356,0.7012658227848103
546,0.7068965517241379,0.47942028985507246,0.06954443116435505,0.2515723270440251,0.3407407407407408,0.5109289617486343,0.6493670886075948
547,0.7068965517241379,0.48,0.06954443116435505,0.1823899371069182,0.3703703703703704,0.4508196721311477,0.5784810126582283
548,0.7068965517241379,0.48,0.06951663562831806,0.16352201257861637,0.4444444444444445,0.4234972677595632,0.5227848101265824
549,0.7068965517241379,0.48,0.06951663562831806,0.3333333333333333,0.42962962962962964,0.40710382513661214,0.5126582278481009
550,0.7241379310344828,0.3640579710144927,0.0694610445562443,0.44025157232704404,0.5925925925925926,0.6352459016393444,0.8265822784810126
551,0.7241379310344828,0.3640579710144927,0.0694610445562443,0.4779874213836478,0.4222222222222223,0.7445355191256833,0.839240506329114
552,0.7241379310344828,0.3646376811594203,0.06943324902020731,0.4213836477987421,0.19259259259259265,0.6625683060109293,0.8417721518987342
553,0.7241379310344828,0.3640579710144927,0.0694610445562443,0.3081761006289308,0.11851851851851858,0.8155737704918038,0.8835443037974686
554,0.7241379310344828,0.3640579710144927,0.06943324902020731,0.18867924528301883,0.2888888888888889,0.8592896174863389,0.8974683544303801
555,0.7241379310344828,0.3640579710144927,0.06940545348417043,0.22641509433962265,0.48888888888888893,0.8702185792349728,0.90126582278481
556,0.7241379310344828,0.3640579710144927,0.06943324902020731,0.27672955974842767,0.37777777777777777,0.8155737704918038,0.9037974683544303
557,0.7241379310344828,0.3640579710144927,0.0694610445562443,0.2578616352201258,0.2,0.7991803278688527,0.8924050632911391
558,0.7241379310344828,0.3634782608695652,0.06943324902020731,0.33962264150943394,0.2740740740740741,0.7882513661202184,0.9000000000000004
559,0.7241379310344828,0.3640579710144927,0.0694610445562443,0.3270440251572327,0.2740740740740741,0.7663934426229506,0.8936708860759497
560,0.7241379310344828,0.3640579710144927,0.06943324902020731,0.2641509433962264,0.2,0.7390710382513661,0.8949367088607598
561,0.7241379310344828,0.3640579710144927,0.06943324902020731,0.16352201257861637,0.23703703703703705,0.7226775956284155,0.8797468354430382
562,0.7241379310344828,0.3634782608695652,0.06943324902020731,0.12578616352201255,0.362962962962963,0.793715846994536,0.868354430379747
563,0.7241379310344828,0.3640579710144927,0.06943324902020731,0.3018867924528302,0.2814814814814815,0.7062841530054649,0.8556962025316457
564,0.7413793103448275,0.19014492753623186,0.06943324902020731,0.7547169811320755,0.562962962962963,0.7322404371584699,0.8860759493670889
565,0.7413793103448275,0.19072463768115938,0.06943324902020731,0.38993710691823896,0.5037037037037038,0.7172131147540983,0.8594936708860761
566,0.7413793103448275,0.19072463768115938,0.06943324902020731,0.28301886792452824,0.40740740740740744,0.8032786885245904,0.8924050632911391
567,0.7413793103448275,0.19014492753623186,0.06943324902020731,0.27672955974842767,0.2740740740740741,0.7008196721311477,0.877215189873418
568,0.7413793103448275,0.19014492753623186,0.06943324902020731,0.22012578616352196,0.32592592592592595,0.7978142076502732,0.8759493670886078
569,0.7413793103448275,0.19014492753623186,0.06943324902020731,0.23270440251572322,0.5185185185185185,0.8251366120218582,0.8860759493670889
570,0.7413793103448275,0.19014492753623186,0.06943324902020731,0.24528301886792453,0.4,0.7540983606557377,0.8835443037974686
571,0.7413793103448275,0.19014492753623186,0.06943324902020731,0.23270440251572322,0.3407407407407408,0.8087431693989071,0.8822784810126585
572,0.7413793103448275,0.19014492753623186,0.06943324902020731,0.3584905660377358,0.43703703703703706,0.7759562841530054,0.8974683544303801
573,0.7413793103448275,0.19014492753623186,0.06943324902020731,0.33962264150943394,0.3925925925925926,0.7650273224043715,0.9025316455696206
574,0.7413793103448275,0.18956521739130433,0.06943324902020731,0.20125786163522008,0.5407407407407407,0.7062841530054649,0.8936708860759497
575,0.7413793103448275,0.19072463768115938,0.06943324902020731,0.27672955974842767,0.2740740740740741,0.6898907103825138,0.8784810126582276
576,0.7413793103448275,0.19014492753623186,0.06943324902020731,0.1949685534591195,0.40740740740740744,0.8360655737704921,0.8797468354430382
577,0.7413793103448275,0.19014492753623186,0.06943324902020731,0.29559748427672955,0.6,0.8306010928961749,0.8898734177215188
578,0.7586206896551724,0.0,0.06948884009228118,0.6855345911949685,0.4666666666666667,0.7062841530054649,0.8632911392405065
579,0.7586206896551724,0.0005797101449275255,0.06948884009228118,0.49056603773584906,0.3851851851851852,0.7540983606557377,0.8430379746835448
580,0.7586206896551724,0.0,0.06948884009228118,0.3836477987421384,0.37777777777777777,0.8565573770491803,0.8759493670886078
581,0.7586206896551724,0.0,0.06948884009228118,0.2641509433962264,0.43703703703703706,0.8674863387978142,0.8873417721518986
582,0.7586206896551724,0.0,0.06948884009228118,0.22012578616352196,0.41481481481481486,0.8620218579234975,0.8860759493670889
583,0.7586206896551724,0.0,0.06948884009228118,0.2138364779874214,0.4740740740740741,0.889344262295082,0.8848101265822788
584,0.7586206896551724,0.0,0.06948884009228118,0.16981132075471694,0.3111111111111111,0.9002732240437159,0.8822784810126585
585,0.7586206896551724,0.0,0.06948884009228118,0.16981132075471694,0.40740740740740744,0.8784153005464481,0.8810126582278479
586,0.7586206896551724,0.0,0.06951663562831806,0.37735849056603776,0.33333333333333337,0.7814207650273226,0.8797468354430382
587,0.7586206896551724,0.0,0.06948884009228118,0.29559748427672955,0.31851851851851853,0.8620218579234975,0.8886075949367092
588,0.7586206896551724,0.0,0.06948884009228118,0.16981132075471694,0.5333333333333333,0.8729508196721314,0.8898734177215188
589,0.7586206896551724,0.0,0.06951663562831806,0.20125786163522008,0.35555555555555557,0.8620218579234975,0.8911392405063294
590,0.7586206896551724,0.0005797101449275255,0.06948884009228118,0.22012578616352196,0.3851851851851852,0.7868852459016393,0.8936708860759497
591,0.7586206896551724,0.0,0.06948884009228118,0.12578616352201255,0.5407407407407407,0.7978142076502732,0.8810126582278479
592,0.7758620689655172,0.6197101449275362,0.882174722739528,0.3710691823899371,0.5037037037037038,0.8387978142076502,0.9379746835443039
593,0.7758620689655172,0.6202898550724638,0.882174722739528,0.27672955974842767,0.4740740740740741,0.8387978142076502,0.8911392405063294
594,0.7758620689655172,0.6197101449275362,0.882174722739528,0.31446540880503143,0.5481481481481482,0.8825136612021858,0.8987341772151898
595,0.7758620689655172,0.6197101449275362,0.882174722739528,0.3207547169811321,0.42962962962962964,0.8825136612021858,0.9126582278481012
596,0.7758620689655172,0.6202898550724638,0.882174722739528,0.4213836477987421,0.3703703703703704,0.8920765027322406,0.9544303797468356
597,0.7758620689655172,0.6197101449275362,0.882174722739528,0.4716981132075472,0.33333333333333337,0.877049180327869,0.9607594936708863
598,0.7758620689655172,0.6197101449275362,0.882174722739528,0.3584905660377358,0.37777777777777777,0.9139344262295084,0.9759493670886075
599,0.7758620689655172,0.6202898550724638,0.882202518275565,0.28301886792452824,0.35555555555555557,0.930327868852459,0.9607594936708863
600,0.7758620689655172,0.6202898550724638,0.882174722739528,0.3333333333333333,0.37777777777777777,0.8224043715846991,0.9556962025316453
601,0.7758620689655172,0.6202898550724638,0.882174722739528,0.46540880503144655,0.562962962962963,0.8169398907103824,0.9518987341772154
603,0.7758620689655172,0.6202898550724638,0.882174722739528,0.3836477987421384,0.3111111111111111,0.6912568306010933,0.9569620253164559
604,0.7758620689655172,0.6202898550724638,0.882174722739528,0.2893081761006289,0.5185185185185185,0.8442622950819669,0.9177215189873422
605,0.7758620689655172,0.6202898550724638,0.882174722739528,0.559748427672956,0.5037037037037038,0.7786885245901645,0.9417721518987343
606,0.793103448275862,0.7681159420289855,0.9088306417989271,0.2389937106918239,0.4444444444444445,0.8633879781420766,0.8734177215189876
607,0.793103448275862,0.7681159420289855,0.9088306417989271,0.29559748427672955,0.2592592592592593,0.8306010928961749,0.8746835443037977
608,0.793103448275862,0.7681159420289855,0.9088028462628903,0.17610062893081763,0.23703703703703705,0.8743169398907105,0.8670886075949369
609,0.793103448275862,0.7681159420289855,0.9088306417989271,0.29559748427672955,0.30370370370370375,0.8306010928961749,0.8784810126582276
610,0.793103448275862,0.7681159420289855,0.9088306417989271,0.2641509433962264,0.43703703703703706,0.7199453551912569,0.8746835443037977
611,0.793103448275862,0.7681159420289855,0.9088306417989271,0.36477987421383645,0.41481481481481486,0.7254098360655741,0.8544303797468356
612,0.793103448275862,0.7681159420289855,0.9088306417989271,0.3081761006289308,0.3111111111111111,0.7923497267759565,0.8784810126582276
613,0.793103448275862,0.7681159420289855,0.9088306417989271,0.2578616352201258,0.33333333333333337,0.8087431693989071,0.8594936708860761
614,0.793103448275862,0.7681159420289855,0.9088306417989271,0.31446540880503143,0.4222222222222223,0.8087431693989071,0.872151898734177
615,0.793103448275862,0.7681159420289855,0.908858437334964,0.2515723270440251,0.362962962962963,0.7745901639344264,0.8848101265822788
616,0.793103448275862,0.7681159420289855,0.9088306417989271,0.2389937106918239,0.17037037037037045,0.819672131147541,0.868354430379747
617,0.793103448275862,0.7681159420289855,0.9088306417989271,0.2138364779874214,0.20740740740740743,0.8743169398907105,0.8746835443037977
618,0.793103448275862,0.7681159420289855,0.908858437334964,0.23270440251572322,0.35555555555555557,0.8087431693989071,0.8860759493670889
619,0.793103448275862,0.7681159420289855,0.9088028462628903,0.31435392919186544,0.42948738990097934,0.8306010928961749,0.8810126582278479
620,0.8103448275862069,0.47942028985507246,0.9088028462628903,0.41509433962264153,0.4518518518518519,0.8797814207650276,0.9253164556962026
621,0.8103448275862069,0.4805797101449275,0.9088028462628903,0.3710691823899371,0.2814814814814815,0.8647540983606561,0.9000000000000004
622,0.8103448275862069,0.48,0.9088028462628903,0.1823899371069182,0.4444444444444445,0.7868852459016393,0.8962025316455695
623,0.8103448275862069,0.48,0.9088028462628903,0.3584905660377358,0.3407407407407408,0.7814207650273226,0.8734177215189876
624,0.8103448275862069,0.48,0.9088028462628903,0.5220125786163522,0.7185185185185186,0.5846994535519126,0.8696202531645572
625,0.8103448275862069,0.48,0.9088306417989271,0.5911949685534591,0.4518518518518519,0.7923497267759565,0.8936708860759497
626,0.8103448275862069,0.48,0.9088306417989271,0.5660377358490566,0.33333333333333337,0.8647540983606561,0.9379746835443039
627,0.8103448275862069,0.48,0.9088028462628903,0.5408805031446541,0.43703703703703706,0.8442622950819669,0.9607594936708863
628,0.8103448275862069,0.48,0.9088306417989271,0.38993710691823896,0.4740740740740741,0.901639344262295,1.0
629,0.8103448275862069,0.48,0.9088306417989271,0.4025157232704403,0.37777777777777777,0.8852459016393444,0.9721518987341775
630,0.8103448275862069,0.48,0.9088306417989271,0.3710691823899371,0.19259259259259265,0.8647540983606561,0.9468354430379748
631,0.8103448275862069,0.48,0.9088306417989271,0.27044025157232704,0.43703703703703706,0.7868852459016393,0.9025316455696206
632,0.8103448275862069,0.48,0.908858437334964,0.3710691823899371,0.562962962962963,0.7144808743169397,0.8886075949367092
633,0.8275862068965517,0.9484057971014492,0.9338744197681852,0.1446540880503145,0.2518518518518519,0.793715846994536,0.8278481012658228
634,0.8275862068965517,0.9484057971014492,0.9339022153042222,0.2138364779874214,0.17037037037037045,0.777322404371585,0.8278481012658228
635,0.8275862068965517,0.9489855072463769,0.9339022153042222,0.13207547169811323,0.22222222222222227,0.777322404371585,0.8202531645569624
636,0.8275862068965517,0.9484057971014492,0.9339022153042222,0.2389937106918239,0.2814814814814815,0.6953551912568305,0.8189873417721518
637,0.8275862068965517,0.9484057971014492,0.9339022153042222,0.13207547169811323,0.23703703703703705,0.6953551912568305,0.8113924050632915
638,0.8275862068965517,0.9484057971014492,0.9339022153042222,0.2389937106918239,0.16296296296296298,0.7663934426229506,0.8050632911392408
639,0.8275862068965517,0.9484057971014492,0.9339022153042222,0.23270440251572322,0.22222222222222227,0.7336065573770494,0.8063291139240505
640,0.8275862068965517,0.9478260869565218,0.9338744197681852,0.23270440251572322,0.32592592592592595,0.7062841530054649,0.8139240506329117
641,0.8275862068965517,0.9489855072463769,0.9339022153042222,0.23270440251572322,0.32592592592592595,0.777322404371585,0.830379746835443
642,0.8275862068965517,0.9489855072463769,0.9339022153042222,0.2578616352201258,0.2666666666666667,0.777322404371585,0.839240506329114
643,0.8275862068965517,0.9478260869565218,0.9339022153042222,0.22641509433962265,0.19259259259259265,0.777322404371585,0.8341772151898739
644,0.8275862068965517,0.9489855072463769,0.9339022153042222,0.08805031446540879,0.2888888888888889,0.7991803278688527,0.8240506329113924
645,0.8275862068965517,0.9489855072463769,0.9338744197681852,0.18867924528301883,0.2888888888888889,0.7609289617486339,0.8227848101265827
646,0.8275862068965517,0.9484057971014492,0.9339022153042222,0.2138364779874214,0.4222222222222223,0.6243169398907105,0.816455696202532
647,0.8448275862068965,0.768695652173913,0.9340133974483698,0.16352201257861637,0.21481481481481485,0.8428961748633883,0.8354430379746836
648,0.8448275862068965,0.768695652173913,0.9340411929844068,0.22012578616352196,0.22222222222222227,0.8538251366120218,0.8177215189873417
649,0.8448275862068965,0.768695652173913,0.9340411929844068,0.16981132075471694,0.2740740740740741,0.8278688524590168,0.8278481012658228
650,0.8448275862068965,0.7692753623188406,0.9340133974483698,0.29559748427672955,0.37777777777777777,0.7308743169398908,0.8367088607594937
651,0.8448275862068965,0.7692753623188406,0.9340133974483698,0.29559748427672955,0.22962962962962968,0.7199453551912569,0.849367088607595
652,0.8448275862068965,0.7692753623188406,0.9340133974483698,0.3081761006289308,0.14814814814814814,0.8538251366120218,0.8405063291139241
653,0.8448275862068965,0.7692753623188406,0.9340133974483698,0.3018867924528302,0.21481481481481485,0.8374316939890711,0.8354430379746836
654,0.8448275862068965,0.768695652173913,0.9340133974483698,0.2641509433962264,0.4444444444444445,0.8374316939890711,0.8544303797468356
655,0.8448275862068965,0.7692753623188406,0.9340133974483698,0.27044025157232704,0.2888888888888889,0.8592896174863389,0.8468354430379748
656,0.8448275862068965,0.7692753623188406,0.9340411929844068,0.2389937106918239,0.3407407407407408,0.8428961748633883,0.8594936708860761
657,0.8448275862068965,0.7692753623188406,0.9340411929844068,0.2138364779874214,0.16296296296296298,0.8811475409836067,0.8481012658227849
658,0.8448275862068965,0.7692753623188406,0.9340411929844068,0.10691823899371067,0.3481481481481482,0.8592896174863389,0.8430379746835448
659,0.8448275862068965,0.7692753623188406,0.9340411929844068,0.15094339622641506,0.3407407407407408,0.8538251366120218,0.8405063291139241
660,0.8448275862068965,0.7692753623188406,0.9340689885204436,0.33962264150943394,0.42962962962962964,0.7527322404371586,0.8341772151898739
661,0.8620689655172413,0.6005797101449275,0.9344303304889235,0.27672955974842767,0.23703703703703705,0.7991803278688527,0.872151898734177
662,0.8620689655172413,0.6005797101449275,0.9344303304889235,0.23270440251572322,0.21481481481481485,0.8251366120218582,0.8354430379746836
663,0.8620689655172413,0.6005797101449275,0.9344025349528866,0.22012578616352196,0.3111111111111111,0.7117486338797816,0.8367088607594937
664,0.8620689655172413,0.6005797101449275,0.9344303304889235,0.2893081761006289,0.4962962962962963,0.7281420765027327,0.8139240506329117
665,0.8620689655172413,0.6005797101449275,0.9344303304889235,0.3710691823899371,0.32592592592592595,0.7718579234972682,0.8379746835443038
666,0.8620689655172413,0.601159420289855,0.9344303304889235,0.41509433962264153,0.24444444444444446,0.777322404371585,0.8468354430379748
667,0.8620689655172413,0.601159420289855,0.9344581260249605,0.3459119496855346,0.19259259259259265,0.8032786885245904,0.8278481012658228
668,0.8620689655172413,0.6005797101449275,0.9344025349528866,0.3018867924528302,0.3851851851851852,0.777322404371585,0.8367088607594937
669,0.8620689655172413,0.6005797101449275,0.9344303304889235,0.3333333333333333,0.4740740740740741,0.6202185792349733,0.8417721518987342
670,0.8620689655172413,0.601159420289855,0.9344303304889235,0.33962264150943394,0.2888888888888889,0.7554644808743172,0.8227848101265827
671,0.8620689655172413,0.6005797101449275,0.9344025349528866,0.22012578616352196,0.09629629629629638,0.8087431693989071,0.8253164556962029
672,0.8620689655172413,0.6005797101449275,0.9344303304889235,0.16352201257861637,0.2592592592592593,0.8087431693989071,0.8265822784810126
673,0.8620689655172413,0.6005797101449275,0.9344025349528866,0.11949685534591192,0.3703703703703704,0.819672131147541,0.8253164556962029
674,0.8620689655172413,0.6,0.9344025349528866,0.2641509433962264,0.43703703703703706,0.8087431693989071,0.8265822784810126
675,0.8793103448275862,0.4834782608695652,0.9342913528087389,0.3710691823899371,0.2666666666666667,0.7568306010928967,0.8594936708860761
676,0.8793103448275862,0.4834782608695652,0.9343191483447758,0.28301886792452824,0.33333333333333337,0.7131147540983611,0.8734177215189876
677,0.8793103448275862,0.4834782608695652,0.9342913528087389,0.33962264150943394,0.3851851851851852,0.7185792349726778,0.8911392405063294
678,0.8793103448275862,0.4834782608695652,0.9342913528087389,0.33962264150943394,0.41481481481481486,0.7513661202185791,0.8936708860759497
679,0.8793103448275862,0.4834782608695652,0.9342913528087389,0.3710691823899371,0.3111111111111111,0.7786885245901645,0.8962025316455695
680,0.8793103448275862,0.4834782608695652,0.9343191483447758,0.5220125786163522,0.22962962962962968,0.7568306010928967,0.9139240506329114
681,0.8793103448275862,0.4834782608695652,0.9342913528087389,0.4088050314465409,0.2666666666666667,0.6215846994535519,0.8848101265822788
682,0.8793103448275862,0.4834782608695652,0.9342913528087389,0.3836477987421384,0.5481481481481482,0.6325136612021862,0.8784810126582276
683,0.8793103448275862,0.4834782608695652,0.9342913528087389,0.5723270440251572,0.41481481481481486,0.6912568306010933,0.9000000000000004
684,0.8793103448275862,0.4834782608695652,0.9343191483447758,0.36477987421383645,0.22962962962962968,0.7568306010928967,0.8898734177215188
685,0.8793103448275862,0.4834782608695652,0.9342913528087389,0.22641509433962265,0.10370370370370374,0.7827868852459017,0.8506329113924052
686,0.8793103448275862,0.4834782608695652,0.9343191483447758,0.17610062893081763,0.37777777777777777,0.7568306010928967,0.8265822784810126
687,0.8793103448275862,0.4834782608695652,0.9343191483447758,0.1383647798742138,0.3703703703703704,0.7568306010928967,0.8088607594936708
688,0.8793103448275862,0.4834782608695652,0.9342913528087389,0.31446540880503143,0.35555555555555557,0.7459016393442623,0.816455696202532
689,0.8965517241379309,0.3652173913043478,0.9336798510159269,0.41509433962264153,0.2814814814814815,0.8142076502732243,0.9253164556962026
690,0.8965517241379309,0.3646376811594203,0.9336798510159269,0.3710691823899371,0.45925925925925926,0.7759562841530054,0.9506329113924052
691,0.8965517241379309,0.3646376811594203,0.9336798510159269,0.3333333333333333,0.4814814814814815,0.8524590163934427,0.9696202531645572
692,0.8965517241379309,0.3646376811594203,0.9336520554798899,0.3333333333333333,0.4666666666666667,0.8688524590163933,0.9759493670886075
693,0.8965517241379309,0.3646376811594203,0.9336798510159269,0.4213836477987421,0.32592592592592595,0.8360655737704921,0.9544303797468356
694,0.8965517241379309,0.3646376811594203,0.9336798510159269,0.5345911949685535,0.2740740740740741,0.8251366120218582,0.9632911392405066
695,0.8965517241379309,0.3646376811594203,0.9336798510159269,0.6163522012578616,0.3481481481481482,0.6734972677595628,0.9493670886075951
696,0.8965517241379309,0.3646376811594203,0.9336798510159269,0.6729559748427673,0.6296296296296297,0.6734972677595628,0.9189873417721519
697,0.8965517241379309,0.3646376811594203,0.9336798510159269,0.49056603773584906,0.3851851851851852,0.7431693989071038,0.915189873417722
698,0.8965517241379309,0.3646376811594203,0.9336798510159269,0.4779874213836478,0.3407407407407408,0.9999999999999996,0.906329113924051
699,0.8965517241379309,0.3646376811594203,0.9336798510159269,0.2578616352201258,0.12592592592592594,0.6629298085833826,0.9050632911392404
700,0.8965517241379309,0.3646376811594203,0.9336798510159269,0.24528301886792453,0.3703703703703704,0.6629298085833826,0.9037974683544303
701,0.8965517241379309,0.3646376811594203,0.9336798510159269,0.16981132075471694,0.5555555555555556,0.6629298085833826,0.8987341772151898
702,0.8965517241379309,0.3640579710144927,0.9336798510159269,0.4591194968553459,0.4740740740740741,0.6629298085833826,0.868354430379747
703,0.9137931034482758,0.942608695652174,0.959029379881591,0.1949685534591195,0.22222222222222227,0.7691256830601096,0.7949367088607593
704,0.9137931034482758,0.942608695652174,0.959057175417628,0.1949685534591195,0.1555555555555556,0.7814207650273226,0.7936708860759496
705,0.9137931034482758,0.9431884057971014,0.959029379881591,0.11949685534591192,0.29629629629629634,0.7459016393442623,0.7924050632911395
706,0.9137931034482758,0.942608695652174,0.959057175417628,0.10691823899371067,0.18518518518518523,0.7786885245901645,0.7974683544303796
707,0.9137931034482758,0.9431884057971014,0.959029379881591,0.1949685534591195,0.14074074074074078,0.7896174863387979,0.7924050632911395
708,0.9137931034482758,0.9431884057971014,0.959029379881591,0.28301886792452824,0.16296296296296298,0.7663934426229506,0.8000000000000003
709,0.9137931034482758,0.942608695652174,0.959057175417628,0.2515723270440251,0.2888888888888889,0.7650273224043715,0.7987341772151901
710,0.9137931034482758,0.9431884057971014,0.959057175417628,0.3018867924528302,0.562962962962963,0.6762295081967218,0.8012658227848104
711,0.9137931034482758,0.942608695652174,0.959029379881591,0.46540880503144655,0.4814814814814815,0.5806010928961749,0.8012658227848104
712,0.9137931034482758,0.942608695652174,0.959057175417628,0.17610062893081763,0.17037037037037045,0.7841530054644812,0.8012658227848104
713,0.9137931034482758,0.942608695652174,0.959029379881591,0.1949685534591195,0.19259259259259265,0.7827868852459017,0.8012658227848104
714,0.9137931034482758,0.942608695652174,0.959029379881591,0.13207547169811323,0.29629629629629634,0.7445355191256833,0.8012658227848104
715,0.9137931034482758,0.942608695652174,0.9590849709536649,0.1383647798742138,0.16296296296296298,0.7595628415300548,0.8012658227848104
716,0.9137931034482758,0.942608695652174,0.959029379881591,0.16981132075471694,0.1111111111111111,0.7759562841530054,0.8012658227848104
717,0.9310344827586207,0.7715942028985507,0.9589181977374435,0.16981132075471694,0.21481481481481485,0.7896174863387979,0.7898734177215192
718,0.9310344827586207,0.7710144927536231,0.9589459932734803,0.17610062893081763,0.18518518518518523,0.7814207650273226,0.7860759493670884
719,0.9310344827586207,0.7710144927536231,0.9589459932734803,0.16981132075471694,0.45925925925925926,0.6734972677595628,0.7835443037974685
720,0.9310344827586207,0.7710144927536231,0.9589181977374435,0.1446540880503145,0.3407407407407408,0.737704918032787,0.8012658227848104
721,0.9310344827586207,0.7710144927536231,0.9589181977374435,0.20754716981132076,0.14814814814814814,0.7390710382513661,0.7822784810126584
722,0.9310344827586207,0.7710144927536231,0.9589181977374435,0.31446540880503143,0.08148148148148154,0.7677595628415301,0.7873417721518989
723,0.9310344827586207,0.7715942028985507,0.9589181977374435,0.3081761006289308,0.2592592592592593,0.7540983606557377,0.7898734177215192
724,0.9310344827586207,0.7715942028985507,0.9589459932734803,0.4339622641509434,0.7185185185185186,0.7185792349726778,0.8075949367088611
725,0.9310344827586207,0.7715942028985507,0.9589181977374435,0.3584905660377358,0.4,0.7172131147540983,0.8253164556962029
726,0.9310344827586207,0.7715942028985507,0.9589181977374435,0.10691823899371067,0.24444444444444446,0.7800546448087431,0.8075949367088611
727,0.9310344827586207,0.7715942028985507,0.9589181977374435,0.18867924528301883,0.19259259259259265,0.7814207650273226,0.8037974683544302
728,0.9310344827586207,0.7715942028985507,0.9589181977374435,0.13207547169811323,0.45925925925925926,0.7964480874316942,0.8113924050632915
729,0.9310344827586207,0.7710144927536231,0.9589459932734803,0.1446540880503145,0.42962962962962964,0.7459016393442623,0.8151898734177214
730,0.9310344827586207,0.7715942028985507,0.9589181977374435,0.1572327044025157,0.35555555555555557,0.793715846994536,0.8139240506329117
754,0.9827586206896551,0.19014492753623186,0.9594185173861078,0.5786163522012578,0.14814814814814814,0.5601092896174866,0.8746835443037977
755,0.9827586206896551,0.19014492753623186,0.9594463129221448,0.5345911949685535,0.3851851851851852,0.6530054644808745,0.8974683544303801
756,0.9827586206896551,0.19072463768115938,0.9594463129221448,0.4779874213836478,0.4222222222222223,0.819672131147541,0.9189873417721519
757,0.9827586206896551,0.19014492753623186,0.9594463129221448,0.4088050314465409,0.45925925925925926,0.8128415300546452,0.9367088607594938
758,0.9827586206896551,0.19072463768115938,0.9594463129221448,0.5408805031446541,0.32592592592592595,0.7595628415300548,0.9164556962025316
759,0.9827586206896551,0.19014492753623186,0.9594463129221448,0.7735849056603773,0.6,0.651639344262295,0.90126582278481
760,0.9827586206896551,0.19072463768115938,0.9594463129221448,0.3459119496855346,0.45925925925925926,0.5314207650273226,0.8886075949367092
761,0.9827586206896551,0.19072463768115938,0.9594185173861078,0.31446540880503143,0.5555555555555556,0.7390710382513661,0.8835443037974686
762,0.9827586206896551,0.19072463768115938,0.9594463129221448,0.16352201257861637,0.4666666666666667,0.6311475409836067,0.872151898734177
763,0.9827586206896551,0.19072463768115938,0.9594463129221448,0.4088050314465409,0.24444444444444446,0.666666666666667,0.8797468354430382
764,0.9827586206896551,0.19014492753623186,0.9594185173861078,0.3270440251572327,0.4740740740740741,0.6133879781420766,0.8734177215189876
765,0.9827586206896551,0.19014492753623186,0.9594185173861078,0.29559748427672955,0.5925925925925926,0.7336065573770494,0.8784810126582276
766,0.9827586206896551,0.19014492753623186,0.9594185173861078,0.2389937106918239,0.5555555555555556,0.7431693989071038,0.8886075949367092
767,0.9827586206896551,0.19014492753623186,0.9594185173861078,0.31446540880503143,0.4,0.7062841530054649,0.8835443037974686
768,0.9999999999999999,0.014492753623188415,0.9583622870167051,0.31435392919186544,0.42948738990097934,0.6721311475409837,0.7911392405063293
769,0.9999999999999999,0.014492753623188415,0.9583344914806682,0.31435392919186544,0.42948738990097934,0.7868852459016393,0.8227848101265827
770,0.9999999999999999,0.014492753623188415,0.9583622870167051,0.31435392919186544,0.42948738990097934,0.8046448087431695,0.839240506329114
771,0.9999999999999999,0.014492753623188415,0.9583622870167051,0.31435392919186544,0.42948738990097934,0.7855191256830603,0.8177215189873417
772,0.9999999999999999,0.014492753623188415,0.9583622870167051,0.31435392919186544,0.42948738990097934,0.7855191256830603,0.858227848101266
773,0.9999999999999999,0.014492753623188415,0.9583622870167051,0.31435392919186544,0.42948738990097934,0.7172131147540983,0.8443037974683545
774,0.9999999999999999,0.014492753623188415,0.9583622870167051,0.31435392919186544,0.42948738990097934,0.654371584699454,0.8025316455696205
775,0.9999999999999999,0.01391304347826089,0.9583622870167051,0.31435392919186544,0.42948738990097934,0.6734972677595628,0.7860759493670884
776,0.9999999999999999,0.014492753623188415,0.9583622870167051,0.31435392919186544,0.42948738990097934,0.7718579234972682,0.7873417721518989
777,0.9999999999999999,0.01391304347826089,0.9583622870167051,0.31435392919186544,0.42948738990097934,0.569672131147541,0.7696202531645571
778,0.9999999999999999,0.01391304347826089,0.9583622870167051,0.31435392919186544,0.42948738990097934,0.6693989071038255,0.759493670886076
779,0.9999999999999999,0.014492753623188415,0.9583344914806682,0.31435392919186544,0.42948738990097934,0.7663934426229506,0.7582278481012659
780,0.9999999999999999,0.01391304347826089,0.9583622870167051,0.31435392919186544,0.42948738990097934,0.7814207650273226,0.7683544303797469
781,0.9999999999999999,0.01391304347826089,0.9583344914806682,0.31435392919186544,0.42948738990097934,0.8128415300546452,0.7810126582278483
