,0_autumn,0_spring,0_summer,0_winter,1_large_,1_medium,1_small_,2_high__,2_low___,2_medium,concentration_1,concentration_2,concentration_3,concentration_4,concentration_5,concentration_6,concentration_7,concentration_8,algae_5
0,0.0,0.0,0.0,1.0,0.0,0.0,1.0,0.0,0.0,1.0,0.5853658536585367,0.6896551724137933,0.1548208690496271,0.5142621599340479,0.6182343462281302,0.24313267095265925,0.3030031376064545,0.45167609925990426,0.5597381342062194
1,0.0,1.0,0.0,0.0,0.0,0.0,1.0,0.0,0.0,1.0,0.6707317073170731,0.5344827586206897,0.14702589974391608,0.10618301731244847,0.3938141996043063,1.0,1.0000000000000002,0.009976781308953709,0.10965630114566285
2,1.0,0.0,0.0,0.0,0.0,0.0,1.0,0.0,0.0,1.0,0.6097560975609757,0.8275862068965518,0.10171284866514345,0.43940643033800497,0.36863921150154116,0.29144827586206895,0.33358495741819816,0.1396749383253519,0.0
3,0.0,1.0,0.0,0.0,0.0,0.0,1.0,0.0,0.0,1.0,0.602439024390244,0.2586206896551724,0.19715394169874104,0.18977741137675186,0.10053806780144786,0.14069433080070134,0.24688480502017032,0.0108837614279495,0.022913256955810146
4,1.0,0.0,0.0,0.0,0.0,0.0,1.0,0.0,0.0,1.0,0.6000000000000001,0.6206896551724139,0.14089215340499592,0.8586974443528442,0.24675426698494482,0.13377440093512566,0.17316001792917976,0.09341895225656653,0.12274959083469722
5,0.0,0.0,0.0,1.0,0.0,0.0,1.0,1.0,0.0,0.0,0.646341463414634,0.9741379310344829,0.16747172087364992,0.7624072547403132,0.4585507803611786,0.040327293980128576,0.09980636485880771,0.25576839355681324,0.36824877250409166
6,0.0,0.0,1.0,0.0,0.0,0.0,1.0,1.0,0.0,0.0,0.6219512195121952,0.7327586206896554,0.1866396781827754,0.1265457543281121,0.11328901632452647,0.14085330216247807,0.19856566562079786,0.02720940356987375,0.09492635024549918
7,1.0,0.0,0.0,0.0,0.0,0.0,1.0,1.0,0.0,0.0,0.5975609756097564,0.7586206896551725,0.1503917930473985,0.4113767518549052,0.2165082683017516,0.10208533021624781,0.13703989242492157,0.06076766797271805,0.09001636661211129
8,0.0,0.0,0.0,1.0,0.0,0.0,1.0,0.0,0.0,1.0,0.7560975609756098,0.13793103448275865,0.05553085018835712,0.07304204451772466,0.10546667948307106,0.08252483927527761,0.12550425818018826,0.0484690175591351,0.0
9,0.0,0.0,0.0,1.0,0.0,0.0,1.0,1.0,0.0,0.0,0.5682926829268293,0.6982758620689656,0.01987844959338373,0.11459192085737839,0.0008631544100916305,0.061367621274108705,0.08175705961452265,0.0054418807139747505,0.0
10,0.0,1.0,0.0,0.0,0.0,0.0,1.0,1.0,0.0,0.0,0.5121951219512195,0.7241379310344828,0.01987844959338373,0.12588623248145095,0.017879164662035506,0.027469316189362946,0.035410129986553115,0.0054418807139747505,0.019639934533551555
11,0.0,0.0,1.0,0.0,0.0,0.0,1.0,1.0,0.0,0.0,0.45121951219512213,0.853448275862069,0.021641901665823273,0.13091508656224238,0.014489125716400627,0.022599649327878432,0.03227252353204841,0.0036279204759831663,0.0
12,0.0,0.0,0.0,1.0,0.0,0.0,1.0,1.0,0.0,0.0,0.5219512195121951,0.6724137931034483,0.012211266669733538,0.10082440230832647,0.024045323979127592,0.025715955581531266,0.02868668758404303,0.370047888550283,0.019639934533551555
13,0.0,0.0,1.0,0.0,0.0,0.0,1.0,1.0,0.0,0.0,0.5170731707317073,0.8620689655172415,0.015533712603315288,0.1211871393239901,0.0032368290378436138,0.03506721215663355,0.025100851636037654,0.002720940356987375,0.031096563011456628
14,0.0,0.0,0.0,1.0,0.0,0.0,1.0,1.0,0.0,0.0,0.5609756097560976,0.6724137931034483,0.007099811387300078,0.11937345424567188,0.04445245211971897,0.028053769725306838,0.10865082922456298,0.0009069801189957915,0.06546644844517185
15,1.0,0.0,0.0,0.0,0.0,0.0,1.0,1.0,0.0,0.0,0.47560975609756095,0.8362068965517242,0.01144454837736852,0.10882110469909316,0.010519694372991743,0.007597895967270601,0.17436127297176154,0.008162821070962126,0.0
16,0.0,0.0,0.0,1.0,0.0,0.0,1.0,1.0,0.0,0.0,0.5317073170731708,0.8793103448275863,0.017322721952167,0.11706512778235778,0.03164863538902224,0.04130216247808299,0.08785298072613179,0.008162821070962126,0.0
17,0.0,1.0,0.0,0.0,0.0,0.0,1.0,1.0,0.0,0.0,0.4902439024390246,0.6896551724137933,0.017322721952167,0.11896125309150866,0.028411806351178626,0.04441846873173583,0.10189690721649484,0.0018139602379915833,0.12602291325695583
18,0.0,0.0,1.0,0.0,0.0,0.0,1.0,1.0,0.0,0.0,0.42682926829268286,0.7413793103448277,0.017322721952167,0.1416323165704864,0.047473492555039666,0.09468147282291058,0.10847153742716271,0.0054418807139747505,0.05891980360065467
19,0.0,1.0,0.0,0.0,0.0,0.0,1.0,1.0,0.0,0.0,0.3902439024390245,0.6379310344827587,0.0014772105766232705,0.05292662819455894,0.08199966895870488,0.03413208649912332,0.03047960555804572,0.002720940356987375,0.0
20,1.0,0.0,0.0,0.0,0.0,0.0,1.0,1.0,0.0,0.0,0.524390243902439,0.7327586206896554,0.08356718241250466,0.24253915910964552,0.039920891466737905,0.03506721215663355,0.06992380098610489,0.06711652880568857,0.4517184942716858
21,0.0,0.0,0.0,1.0,0.0,0.0,1.0,1.0,0.0,0.0,0.4926829268292683,0.5775862068965518,0.02976144838196883,0.14138499587798847,0.2193847087945217,0.0046756282875511385,0.04751232631107127,0.013604701784936874,0.0
22,0.0,1.0,0.0,0.0,0.0,0.0,1.0,1.0,0.0,0.0,0.5463414634146342,0.6551724137931035,0.027481739326003504,0.12448474855729597,0.008092072594609034,0.0046756282875511385,0.01882563872702824,0.011790741546945292,0.019639934533551555
23,0.0,0.0,1.0,0.0,0.0,0.0,1.0,1.0,0.0,0.0,0.5292682926829269,0.7672413793103449,0.03147123017394282,0.32778235779060183,0.05772345117487778,0.018702513150204558,0.07733930972658001,0.025395443331882164,0.15057283142389524
24,0.0,0.0,0.0,1.0,0.0,0.0,1.0,1.0,0.0,0.0,0.36341463414634156,0.5689655172413794,0.026267768696425556,0.12959604286892004,0.02481568929013437,0.007013442431326709,0.02259076647243389,0.002720940356987375,0.0
25,1.0,0.0,0.0,0.0,0.0,0.0,1.0,1.0,0.0,0.0,0.29268292682926833,0.8017241379310346,0.02243417723460046,0.05193734542456719,0.01618414518921807,0.007013442431326709,0.2099402622940357,0.022674502974894793,0.034369885433715226
26,0.0,0.0,0.0,1.0,0.0,0.0,1.0,1.0,0.0,0.0,0.5853658536585367,0.6896551724137933,0.040324270723117575,0.06018136850783182,0.01618414518921807,0.058445353594389245,0.07888839085611833,0.0054418807139747505,0.0
27,0.0,1.0,0.0,0.0,0.0,0.0,1.0,1.0,0.0,0.0,0.3902439024390245,0.8189655172413794,0.02243417723460046,0.018961253091508656,0.12407844645067186,0.025715955581531266,0.03227252353204841,0.002720940356987375,0.0
28,1.0,0.0,0.0,0.0,0.0,0.0,1.0,1.0,0.0,0.0,0.4390243902439026,0.9224137931034484,0.03265708779946738,0.2745259686727123,0.05934186569379959,0.16598480420806544,0.2528014343343792,0.04262806559280221,0.25040916530278234
29,0.0,0.0,0.0,1.0,0.0,0.0,1.0,1.0,0.0,0.0,0.6097560975609757,0.7327586206896554,0.06588154713528488,0.3116240725474031,0.05934186569379959,0.5727644652250146,0.5432541461228149,0.02358148309389058,0.06546644844517185
30,0.0,0.0,1.0,0.0,0.0,0.0,1.0,1.0,0.0,0.0,0.5365853658536586,0.8189655172413794,0.050759306682205484,0.24896949711459193,0.04801296406134693,0.12156633547632963,0.23263110712684895,0.05079088666376433,0.18330605564648117
31,0.0,0.0,0.0,1.0,0.0,0.0,1.0,1.0,0.0,0.0,0.658536585365854,0.7844827586206897,0.0024228298038734605,0.06059356966199505,0.009171015607223571,0.0014611338398597311,0.0035858359480053794,0.0,0.0
32,0.0,1.0,0.0,0.0,0.0,0.0,1.0,1.0,0.0,0.0,0.5853658536585367,0.6494262025038442,0.003138433543414145,0.06677658697444354,0.005394715063072689,0.0035067212156633548,0.0035858359480053794,0.0009069801189957915,0.0
33,0.0,0.0,0.0,1.0,0.0,0.0,1.0,0.0,0.0,1.0,0.658536585365854,0.6120689655172414,0.05214451106374495,0.2814509480626546,0.24141349907250284,0.4573232028053769,0.4522635589421784,0.10992599042228994,0.0
34,0.0,1.0,0.0,0.0,0.0,0.0,1.0,0.0,0.0,1.0,0.6097560975609757,0.7500000000000001,0.056389574675805944,0.3356141797197032,0.18727214948893547,0.4241262419637638,0.45590318242940386,0.07942424902046147,0.04418985270049101
35,0.0,0.0,0.0,1.0,0.0,0.0,1.0,0.0,0.0,1.0,0.5853658536585367,0.31896551724137934,0.19622365683733814,0.502555647155812,0.1271534340366233,0.333629479836353,0.5289108023307934,0.03174430416485271,0.0
36,0.0,0.0,1.0,0.0,0.0,0.0,1.0,0.0,0.0,1.0,0.6219512195121952,0.456896551724138,0.1379275093411845,0.31566364385820284,0.6932964224051537,0.13659614260666278,0.3120502196324518,0.1179074154694529,0.1849427168576105
37,0.0,0.0,0.0,1.0,0.0,0.0,1.0,1.0,0.0,0.0,0.658536585365854,0.5086206896551725,0.12721901052448642,0.7042868920032975,0.07660495389563218,0.6169491291642314,0.6160466337965038,0.20225656653606155,0.03927986906710311
38,0.0,1.0,0.0,0.0,0.0,0.0,1.0,1.0,0.0,0.0,0.658536585365854,0.6034482758620691,0.13780739014204732,0.6455070074196207,0.05009424513268038,0.6448860549386324,0.5842348543254147,0.10557248585111013,0.32242225859247137
39,0.0,0.0,0.0,1.0,0.0,0.0,1.0,1.0,0.0,0.0,0.6829268292682931,1.0000000000000002,0.17769463143851685,0.37551525144270403,0.035065647909972485,0.02104032729398013,0.07111967727476469,0.03355826440284429,0.05073649754500819
40,0.0,1.0,0.0,0.0,0.0,0.0,1.0,1.0,0.0,0.0,0.658536585365854,0.9224137931034484,0.22178093324950546,0.4014839241549876,0.018881502720754416,0.06078316773816482,0.0761990138951143,0.028116383688869536,0.04746317512274959
41,1.0,0.0,0.0,0.0,0.0,0.0,1.0,1.0,0.0,0.0,0.5853658536585367,0.8879310344827587,0.16887737107631912,0.37386644682605114,0.03668406242889429,0.03506721215663355,0.0681308830121022,0.0054418807139747505,0.3060556464811784
42,0.0,0.0,0.0,1.0,0.0,0.0,1.0,0.0,1.0,0.0,0.5867368339288477,0.9310344827586208,0.02243417723460046,0.018961253091508656,0.005394715063072689,0.009351256575102279,0.008964589870013449,0.008162821070962126,0.0
43,0.0,1.0,0.0,0.0,0.0,0.0,1.0,0.0,0.0,1.0,0.4878048780487805,0.6724137931034483,0.03776854308190084,0.24896949711459193,0.037763005441508825,0.06078316773816482,0.21515015688032274,0.02358148309389058,0.0
44,1.0,0.0,0.0,0.0,0.0,0.0,1.0,0.0,0.0,1.0,0.41219512195121966,0.8112068965517243,0.04479679409524685,0.2530915086562242,0.03236829037843614,0.028053769725306838,0.035521290900941284,0.1079306341604992,0.17348608837970542
45,0.0,0.0,0.0,1.0,0.0,0.0,1.0,0.0,0.0,1.0,0.4878048780487805,0.7241379310344828,0.08198263127495027,0.37164056059356965,0.20230181486522586,0.027469316189362946,0.08665710443747199,0.06983746916267596,0.019639934533551555
46,0.0,0.0,1.0,0.0,0.0,0.0,1.0,0.0,0.0,1.0,0.5853658536585367,0.5258620689655173,0.06903275931690511,0.1361088211046991,0.025174977313335012,0.014728229105786089,0.0392649036306589,0.03900014511681904,0.08837970540098201
47,0.0,0.0,0.0,1.0,0.0,0.0,1.0,1.0,0.0,0.0,0.5609756097560976,0.7931034482758621,0.015193800827033463,0.09661995053586149,0.014385547187189632,0.015780245470485097,0.01936351411922905,0.002720940356987375,0.0
48,0.0,1.0,0.0,0.0,0.0,0.0,1.0,1.0,0.0,0.0,0.5609756097560976,0.6206896551724139,0.012908980315785705,0.07502061005770816,0.030896612109229914,0.018702513150204558,0.019395786642761096,0.0054418807139747505,0.0
49,0.0,0.0,0.0,1.0,0.0,0.0,1.0,1.0,0.0,0.0,0.24390243902439024,0.7758620689655173,0.10397023429207196,0.26751854905193734,0.005394715063072689,0.0,0.009861048857014793,0.1147969689405432,0.0
50,0.0,1.0,0.0,0.0,0.0,0.0,1.0,0.0,0.0,1.0,0.0,0.8620689655172415,0.10397023429207196,0.18301731244847486,0.0,0.0,0.0,0.1147969689405432,0.0
51,1.0,0.0,0.0,0.0,0.0,0.0,1.0,0.0,0.0,1.0,0.024390243902439046,0.7758620689655173,0.10397023429207196,0.21022258862324814,0.005394715063072689,0.0,0.005378753922008069,0.1147969689405432,0.0
52,0.0,1.0,0.0,0.0,0.0,0.0,1.0,1.0,0.0,0.0,0.24390243902439024,0.6637931034482759,0.10397023429207196,0.10882110469909316,0.01618414518921807,0.0,0.008964589870013449,0.1147969689405432,0.0
53,0.0,0.0,1.0,0.0,0.0,0.0,1.0,1.0,0.0,0.0,0.24390243902439024,0.7758620689655173,0.10397023429207196,0.21764220939818632,0.005394715063072689,0.0023378141437755697,0.017929179740026894,0.1147969689405432,0.0
54,1.0,0.0,0.0,0.0,0.0,0.0,1.0,0.0,0.0,1.0,0.24390243902439024,0.8189655172413794,0.10397023429207196,0.3437757625721352,0.005394715063072689,0.0,0.008964589870013449,0.1147969689405432,0.0
55,0.0,1.0,0.0,0.0,0.0,0.0,1.0,0.0,0.0,1.0,0.2195121951219512,0.7413793103448277,0.10397023429207196,0.4921681780708986,0.005394715063072689,0.0023378141437755697,0.023307933662034964,0.1147969689405432,0.0
56,0.0,0.0,1.0,0.0,0.0,0.0,1.0,0.0,0.0,1.0,0.19512195121951237,0.6494262025038442,0.10397023429207196,0.24439590214292092,0.16772461572755148,0.13605891447992935,0.023307933662034964,0.1147969689405432,0.0
57,1.0,0.0,0.0,0.0,0.0,0.0,1.0,1.0,0.0,0.0,0.5439024390243903,0.853448275862069,0.009867664422737798,0.10948062654575433,0.014026259163988994,0.005454120397428404,0.010160466158673241,0.1147969689405432,0.0
58,0.0,1.0,0.0,0.0,0.0,0.0,1.0,1.0,0.0,0.0,0.480487804878049,0.7758620689655173,0.011125082422216428,0.09917559769167354,0.024276217783827103,0.0023378141437755697,0.010309278350515465,0.007255840951966333,0.0
59,0.0,0.0,1.0,0.0,0.0,0.0,1.0,1.0,0.0,0.0,0.3878048780487806,0.853448275862069,0.01048870623955346,0.12151690024732069,0.16723616695525337,0.0035067212156633548,0.011116091438816676,0.0009069801189957915,0.0
60,0.0,0.0,0.0,1.0,0.0,0.0,1.0,1.0,0.0,0.0,0.4487804878048782,0.7155172413793104,0.006928577635338556,0.06347897774113767,0.01078943012614538,0.0007784921098772648,0.008964589870013449,0.0036279204759831663,0.0
61,0.0,1.0,0.0,0.0,0.0,0.0,1.0,1.0,0.0,0.0,0.37560975609756087,0.6896551724137933,0.007802636488634678,0.07609233305853257,0.01078943012614538,0.0005844535359438925,0.01748095024652622,0.020860542736903204,0.0
62,0.0,0.0,1.0,0.0,0.0,0.0,1.0,1.0,0.0,0.0,0.3414634146341464,0.8879310344827587,0.007447390346505553,0.09958779884583677,0.012084161741282825,0.0018702513150204562,0.002689376961004034,0.002720940356987375,0.0
63,1.0,0.0,0.0,0.0,0.0,1.0,0.0,0.0,0.0,1.0,0.7073170731707317,0.5431034482758621,0.09686974478503774,0.3173948887056884,0.23736746277519832,0.10286382232612507,0.27132763783056923,0.045349005949789585,0.21767594108019642
64,0.0,0.0,1.0,0.0,0.0,1.0,0.0,0.0,0.0,1.0,0.5670731707317074,0.7241379310344828,0.08642193018774375,0.7485572959604286,0.11221007331191193,0.12624196376388078,0.10331331241595697,0.10339573356552023,0.19148936170212766
65,0.0,0.0,0.0,1.0,0.0,1.0,0.0,0.0,0.0,1.0,0.6097560975609757,0.5431034482758621,0.34701158766912527,0.3110469909315746,0.25894632302748904,0.3173582700175336,0.44509188704616764,0.18747279059643016,0.15548281505728315
66,0.0,1.0,0.0,0.0,0.0,1.0,0.0,0.0,0.0,1.0,0.6341463414634145,0.4310344827586208,0.3300798920460644,0.2733718054410552,0.2872685771086207,0.2314436002337814,0.41685342895562527,0.11609345523146132,0.18821603927986907
67,0.0,1.0,0.0,0.0,0.0,1.0,0.0,1.0,0.0,0.0,0.853658536585366,0.6551724137931035,0.09079989163714801,0.4257213520197856,0.02967093284689979,0.19754529514903565,0.38458090542357687,0.16479828762153537,0.1407528641571195
68,1.0,0.0,0.0,0.0,0.0,1.0,0.0,0.0,0.0,1.0,0.6097560975609757,0.6896551724137933,0.07482659387954343,0.10610057708161583,0.23659709746419155,0.056497954412624195,0.18168175705961453,0.030837324045856918,0.04746317512274959
69,0.0,0.0,0.0,1.0,0.0,1.0,0.0,0.0,0.0,1.0,0.5853658536585367,0.35344827586206906,0.0694595658329883,0.06059356966199505,0.1387909133706837,0.08182349503214494,0.18776692066337966,0.025395443331882164,0.06710310965630115
70,0.0,1.0,0.0,0.0,0.0,1.0,0.0,0.0,0.0,1.0,0.5853658536585367,0.12931034482758622,0.0678239001426096,0.054245671887881285,0.17263088201832608,0.08503798947983635,0.19789332138054685,0.025395443331882164,0.09001636661211129
71,0.0,0.0,0.0,1.0,0.0,1.0,0.0,1.0,0.0,0.0,0.46341463414634143,0.6379310344827587,0.027545632517033923,0.2728771640560594,0.10357852921099563,0.05984804208065459,0.19184222321828778,0.009976781308953709,0.08019639934533553
72,0.0,1.0,0.0,0.0,0.0,1.0,0.0,1.0,0.0,0.0,0.4390243902439026,0.6896551724137933,0.027545632517033923,0.26669414674361086,0.26973575315363446,0.08825248392752776,0.09980636485880771,0.016325642141924248,0.10638297872340427
73,1.0,0.0,0.0,0.0,0.0,1.0,0.0,1.0,0.0,0.0,0.41463414634146334,0.853448275862069,0.026012195932303885,0.4064303380049464,0.13486787657681723,0.022910578609000587,0.10578216046615868,0.03718618487882746,0.12274959083469722
74,0.0,0.0,0.0,1.0,0.0,1.0,0.0,1.0,0.0,0.0,0.4390243902439026,0.6120689655172414,0.033934951620075746,0.44863973619126135,0.1276745635117161,0.06234248977206312,0.18467055132227703,0.18865186475112466,0.03927986906710311
75,0.0,0.0,1.0,0.0,0.0,1.0,0.0,1.0,0.0,0.0,0.4390243902439026,0.8077586206896552,0.030474496393868296,0.5101401483924155,0.09127857886718989,0.07247223845704266,0.1235858359480054,0.02630242345087796,0.12602291325695583
76,1.0,0.0,0.0,0.0,0.0,1.0,0.0,0.0,0.0,1.0,0.46341463414634143,0.7758620689655173,0.07866018534136854,0.36339653751030504,0.790325756740149,0.2577440093512565,0.38189152846257285,0.02448846321288637,0.031096563011456628
77,0.0,0.0,0.0,1.0,0.0,1.0,0.0,0.0,0.0,1.0,0.4878048780487805,0.36206896551724144,0.1348861934481366,0.3078318219291014,0.980759198466615,0.31934543541788424,0.45468401613626175,0.03718618487882746,0.14729950900163669
78,0.0,0.0,1.0,0.0,0.0,1.0,0.0,0.0,0.0,1.0,0.4390243902439026,0.7732758620689656,0.09207264400247393,0.3075020610057708,0.45768763674051705,0.13232028053769726,0.30121203047960554,0.02720940356987375,0.08510638297872342
79,0.0,0.0,0.0,1.0,0.0,1.0,0.0,0.0,0.0,1.0,0.7073170731707317,0.5862068965517242,0.32043202020047123,0.31145919208573786,0.12857440198423664,0.4601589479836352,0.5420582877633349,0.36097808736032505,0.1407528641571195
80,0.0,1.0,0.0,0.0,0.0,1.0,0.0,0.0,0.0,1.0,0.7560975609756098,0.6551724137931035,0.4434903061250568,0.2735366859027205,0.10384826496414926,0.6236119228521333,0.7005826983415508,0.029930343926861124,0.34042553191489366
81,0.0,0.0,1.0,0.0,0.0,1.0,0.0,0.0,0.0,1.0,0.6097560975609757,0.7672413793103449,0.24070609643271534,0.3873042044517725,0.15968356586695162,0.4459380479251899,0.47377857463021067,0.0643955884487012,0.34042553191489366
82,0.0,0.0,0.0,1.0,0.0,1.0,0.0,1.0,0.0,0.0,0.7804878048780493,0.5775862068965518,0.13573725075266177,0.42308326463314094,0.09890346913733684,0.27936879018118055,0.4156575347377857,0.2793498766507038,0.019639934533551555
83,0.0,1.0,0.0,0.0,0.0,1.0,0.0,1.0,0.0,0.0,0.5365853658536586,0.7500000000000001,0.17833356334882103,0.201401483924155,0.10070098819635265,0.3358667679719462,0.4356790676826535,0.07981425047162966,0.1342062193126023
84,0.0,0.0,1.0,0.0,0.0,1.0,0.0,1.0,0.0,0.0,0.5609756097560976,0.8620689655172415,0.16174689095732445,0.4072547403132729,0.142420477665119,0.37054354178842774,0.3890632003585836,0.05713974749673487,0.4713584288052374
85,1.0,0.0,0.0,0.0,0.0,1.0,0.0,0.0,1.0,0.0,0.7073170731707317,0.7500000000000001,0.14438583309053918,0.02720527617477329,0.22734839796005973,0.05143191116306253,0.2465262214253698,0.18710092874764186,0.20294599018003276
86,0.0,0.0,0.0,1.0,0.0,1.0,0.0,0.0,1.0,0.0,0.853658536585366,0.31034482758620696,0.15545980095993128,0.025391591096455068,0.10849419357646746,0.24131385154880183,0.42671447781264005,0.6555470904077781,0.0
87,0.0,1.0,0.0,0.0,0.0,1.0,0.0,0.0,1.0,0.0,0.8048780487804879,0.23275862068965522,0.14702589974391608,0.02201154163231657,0.1618414518921807,0.22520864991233194,0.42073870013446885,0.8944365839500797,0.0
88,0.0,0.0,0.0,1.0,0.0,1.0,0.0,1.0,0.0,0.0,0.5609756097560976,0.3879310344827587,0.2597973819126043,0.3279472382522671,0.16049277312641252,0.11864406779661016,0.36732406992380096,0.016325642141924248,0.11947626841243864
89,0.0,0.0,1.0,0.0,0.0,1.0,0.0,1.0,0.0,0.0,0.5365853658536586,0.5517241379310345,0.21917920251074682,0.5111294311624073,0.44955993744763156,0.07091291642314436,0.3777086687584043,0.19681468582208678,0.2913256955810148
90,0.0,0.0,0.0,1.0,0.0,1.0,0.0,0.0,0.0,1.0,0.5121951219512195,0.456896551724138,0.16204079963606438,0.2588623248145095,0.1267758039822082,0.06458211572180012,0.33258628417749886,0.2702800754607459,0.08674304418985271
91,0.0,1.0,0.0,0.0,0.0,1.0,0.0,0.0,0.0,1.0,0.5365853658536586,0.40517241379310354,0.20928598081159686,0.2145919208573784,0.22717792496406666,0.02779427235534775,0.2745405647691618,0.045349005949789585,0.14238952536824878
92,0.0,0.0,0.0,1.0,0.0,1.0,0.0,0.0,1.0,0.0,0.5121951219512195,0.3017241379310345,0.16640598244726254,0.23899422918384172,0.3950128945018909,0.11715020455873756,0.327506965486329,0.1541866202292846,0.0
93,0.0,0.0,1.0,0.0,0.0,1.0,0.0,0.0,1.0,0.0,0.46341463414634143,0.6034482758620691,0.148510777503463,0.7162407254740314,0.8132532957582079,0.24196376388077145,0.5228597041685343,0.025395443331882164,0.15384615384615385
94,1.0,0.0,0.0,0.0,0.0,1.0,0.0,0.0,1.0,0.0,0.4878048780487805,0.706896551724138,0.12626061265903013,0.4497938994229184,0.32772894008166586,0.08796025715955581,0.510468830121022,0.6784211290088521,0.16693944353518822
95,0.0,0.0,0.0,1.0,0.0,1.0,0.0,0.0,1.0,0.0,0.7560975609756098,0.48275862068965525,0.12154018370570284,0.1909315746084089,0.03572488209067996,0.05532904734073641,0.35997848498431195,0.025395443331882164,0.022913256955810146
96,0.0,0.0,1.0,0.0,0.0,1.0,0.0,0.0,1.0,0.0,0.5121951219512195,0.8017241379310346,0.12013708923067486,0.7220939818631492,0.2524726649518018,0.12390414962010521,0.49151593007619904,0.5940719779422435,0.0
97,1.0,0.0,0.0,0.0,0.0,1.0,0.0,1.0,0.0,0.0,0.658536585365854,0.8017241379310346,0.1054953255741442,0.3845836768342951,1.0,0.08883693746347165,0.22088749439713135,0.11700043535045711,0.10474631751227498
98,0.0,0.0,0.0,1.0,0.0,1.0,0.0,1.0,0.0,0.0,0.6902439024390243,0.36206896551724144,0.10208854062840231,0.2201154163231657,0.7754007272572221,0.13987843366452365,0.252501999103541,0.22493106951095634,0.0
99,0.0,0.0,1.0,0.0,0.0,1.0,0.0,1.0,0.0,0.0,0.6243902439024391,0.8017241379310346,0.0813590337304934,0.4694146743610882,0.49294208888826696,0.16364699006428987,0.23585120573733753,0.13423305761137716,0.019639934533551555
100,0.0,0.0,0.0,1.0,0.0,1.0,0.0,1.0,0.0,0.0,0.7560975609756098,0.6896551724137933,0.014483308542775212,0.12646331409727948,0.04975114125466895,0.020261835184102864,0.029283729269385925,0.007255840951966333,0.0
101,0.0,1.0,0.0,0.0,0.0,1.0,0.0,1.0,0.0,0.0,0.6341463414634145,0.8189655172413794,0.017961653862471182,0.15457543281121186,0.021578860252290756,0.012857977790765633,0.04482294935006724,0.0009069801189957915,0.0
102,0.0,0.0,1.0,0.0,0.0,1.0,0.0,1.0,0.0,0.0,0.7073170731707317,0.8620689655172415,0.019464421715506622,0.14278647980214343,0.2174480060868786,0.017982466393921683,0.02808068130883012,0.017232622260920042,0.0
103,0.0,1.0,0.0,0.0,0.0,1.0,0.0,0.0,0.0,1.0,0.5365853658536586,0.36206896551724144,0.1359723776956537,0.03140972794723825,0.12253663688564566,0.08616481589713618,0.18210847153742718,0.009069801189957916,0.05237315875613749
104,0.0,0.0,1.0,0.0,0.0,1.0,0.0,0.0,0.0,1.0,0.5853658536585367,0.6810344827586207,0.14727636105275532,0.03800494641384996,0.22954512593374293,0.0841613091759205,0.15418556701030928,0.025395443331882164,0.18821603927986907
105,0.0,0.0,0.0,1.0,0.0,1.0,0.0,1.0,0.0,0.0,0.9999999999999998,0.7758620689655173,0.0,0.03347073371805441,0.005394715063072689,0.05013208649912332,0.016335275661138505,0.1147969689405432,0.0
106,0.0,0.0,1.0,0.0,0.0,1.0,0.0,1.0,0.0,0.0,0.7317073170731707,0.846551724137931,0.003391450579894601,0.036685902720527616,0.022477619781798665,0.03701461133839859,0.031004930524428508,0.0108837614279495,0.0
107,1.0,0.0,0.0,0.0,0.0,1.0,0.0,0.0,0.0,1.0,0.658536585365854,0.8448275862068966,0.014332520611943426,0.057790601813685075,0.008336992658472535,0.005949736995908825,0.02187359928283281,0.02720940356987375,0.0
108,0.0,1.0,0.0,0.0,0.0,1.0,0.0,0.0,1.0,0.0,0.6829268292682931,0.3017241379310345,0.19026114425037952,0.32151690024732066,0.1366664853682758,0.6092343892460549,0.7743774092335276,0.22417827601218984,0.0
109,0.0,0.0,1.0,0.0,0.0,1.0,0.0,0.0,1.0,0.0,0.6341463414634145,0.4137931034482759,0.33525521496225186,0.3452596867271228,0.09386804209746479,0.5545295149035652,0.5726579829672792,0.05986068785372225,0.132569558101473
110,0.0,0.0,0.0,1.0,0.0,1.0,0.0,0.0,0.0,1.0,0.6341463414634145,0.6551724137931035,0.11513808596445493,0.5931574608408904,0.36733153257025236,0.3343074225599064,0.5127745405647691,0.08781381512117253,0.32733224222585927
111,0.0,1.0,0.0,0.0,0.0,1.0,0.0,0.0,0.0,1.0,0.6097560975609757,0.456896551724138,0.10839863217456641,0.4186314921681781,0.05541882889993312,0.38743894798363526,0.46925502465262214,0.1541866202292846,0.15057283142389524
112,0.0,0.0,1.0,0.0,0.0,1.0,0.0,0.0,0.0,1.0,0.6097560975609757,0.6206896551724139,0.12320396240013494,0.5474031327287716,0.13332606701179106,0.42080654587960253,0.3967476467951591,0.05649579161224787,0.29296235679214405
113,0.0,0.0,0.0,1.0,0.0,1.0,0.0,1.0,0.0,0.0,0.4390243902439026,0.7672413793103449,0.029636217727549208,0.178318219291014,0.17900635627986536,0.08394856808883693,0.21694307485432543,0.04856878537222464,0.3617021276595745
114,0.0,1.0,0.0,0.0,0.0,1.0,0.0,1.0,0.0,0.0,0.658536585365854,0.6810344827586207,0.02641088944433369,0.1583676834295136,0.06533647307188595,0.1415686732904734,0.22630569251456747,0.04564830938905819,0.1456628477905074
115,0.0,0.0,1.0,0.0,0.0,1.0,0.0,1.0,0.0,0.0,0.7317073170731707,0.7672413793103449,0.030101360158250653,0.18392415498763395,0.04180904173881334,0.1440677966101695,0.15889735544598835,0.017686112320417936,0.5613747954173486
116,0.0,0.0,0.0,1.0,0.0,1.0,0.0,0.0,0.0,1.0,0.853658536585366,0.8448275862068966,0.07889275655671926,0.4203627370156637,0.2604180012966953,0.12624196376388078,0.5073957866427611,0.7986413437817442,0.019639934533551555
117,0.0,1.0,0.0,0.0,0.0,1.0,0.0,0.0,0.0,1.0,0.8292682926829269,0.43965517241379315,0.0718440597222435,0.24352844187963726,0.07732460888504608,0.2368977206312098,0.4954424204392649,1.0,0.0
118,0.0,0.0,1.0,0.0,0.0,1.0,0.0,0.0,0.0,1.0,0.658536585365854,0.706896551724138,0.0764239236553039,0.30717230008244023,0.10519694372991743,0.17504383401519577,0.316674137158225,0.4537168045276448,0.0
119,0.0,0.0,0.0,1.0,0.0,1.0,0.0,1.0,0.0,0.0,0.7073170731707317,0.7155172413793104,0.02738206594799605,0.11005770816158285,0.24923583591395823,0.07863471654003507,0.12891080233079338,0.09886083297054128,0.265139116202946
120,0.0,1.0,0.0,0.0,0.0,1.0,0.0,1.0,0.0,0.0,0.658536585365854,0.5086206896551725,0.025189251631832096,0.09991755976916734,0.10609570325942534,0.11143658679135009,0.14602241147467504,0.016325642141924248,0.1309328968903437
121,0.0,0.0,1.0,0.0,0.0,1.0,0.0,1.0,0.0,0.0,0.41463414634146334,0.7500000000000001,0.027770536549460993,0.11327287716405607,0.09427264572719524,0.11133839859731151,0.11788435679067684,0.028116383688869536,0.7266775777414075
122,0.0,1.0,0.0,0.0,0.0,1.0,0.0,0.0,0.0,1.0,0.5609756097560976,0.5603448275862071,1.0,0.49835119538334705,0.40460362973045166,0.402104032729398,0.5665620797848498,0.04806994630677696,0.027823240589198037
123,1.0,0.0,0.0,0.0,0.0,1.0,0.0,0.0,0.0,1.0,0.5853658536585367,0.8706896551724139,0.33338955934144004,0.539159109645507,0.20607811540937673,0.17299824663939217,0.14881219184222322,0.03900014511681904,0.24386252045826518
124,0.0,1.0,0.0,0.0,0.0,1.0,0.0,0.0,0.0,1.0,0.5853658536585367,0.6379310344827587,0.09910600647110238,0.4006595218466612,0.12407844645067186,0.43483343074225594,0.38009861048857013,0.016325642141924248,0.09165302782324058
125,1.0,0.0,0.0,0.0,0.0,1.0,0.0,0.0,0.0,1.0,0.6097560975609757,0.853448275862069,0.09056987614943848,0.42291838417147565,0.044776135023503326,0.11221507890122735,0.15688032272523533,0.020860542736903204,0.05564648117839607
126,0.0,0.0,0.0,1.0,0.0,1.0,0.0,0.0,1.0,0.0,0.6902439024390243,0.6982758620689656,0.09552798777339896,0.06809563066776586,0.12839421850113,0.07364114552893045,0.2043926490363066,0.10430271368451603,0.04091653027823241
127,0.0,0.0,1.0,0.0,0.0,1.0,0.0,0.0,1.0,0.0,0.6097560975609757,0.3793103448275863,0.09910600647110238,0.05548227535037099,0.11637155651156621,0.13793103448275862,0.17416943074854327,0.016325642141924248,0.019639934533551555
128,0.0,0.0,0.0,1.0,0.0,1.0,0.0,0.0,0.0,1.0,0.5609756097560976,0.810344827586207,0.12696343776036473,0.8056883759274526,0.5394715063072689,0.1554646405610754,0.2559390407888839,0.04761645624727907,0.24549918166939444
129,0.0,0.0,1.0,0.0,0.0,1.0,0.0,0.0,0.0,1.0,0.6097560975609757,0.3793103448275863,0.13006353538916063,0.4203627370156637,0.18342031214447144,0.30742255990648737,0.35166832810398924,0.056232767377739086,0.05728314238952537
130,0.0,1.0,0.0,0.0,0.0,1.0,0.0,1.0,0.0,0.0,0.5365853658536586,0.6637931034482759,0.02064516788574875,0.13767518549051935,0.0312893473658216,0.036937463471654004,0.06131779471089198,0.007255840951966333,0.018003273322422263
131,1.0,0.0,0.0,0.0,0.0,1.0,0.0,1.0,0.0,0.0,0.5609756097560976,0.7500000000000001,0.025518940497549058,0.18994229183841713,0.13729549835519994,0.022403272939801287,0.040313760645450475,0.016325642141924248,0.0
132,0.0,0.0,0.0,1.0,0.0,1.0,0.0,0.0,1.0,0.0,0.5853658536585367,0.23275862068965522,0.20153190314814529,0.7406430338004947,0.9872328565423022,0.1613091759205143,0.3572048408785298,0.174140182847192,0.06710310965630115
133,0.0,1.0,0.0,0.0,0.0,1.0,0.0,0.0,1.0,0.0,0.4878048780487805,0.3879310344827587,0.20729762470673024,0.8009068425391591,0.20679778118822076,0.17845236703682055,0.2632595069475571,0.025395443331882164,0.016366612111292964
134,0.0,0.0,0.0,1.0,0.0,1.0,0.0,1.0,0.0,0.0,0.6390243902439028,0.5431034482758621,0.10485639366384002,0.11665292662819456,0.1807229546129351,0.10676095850379895,0.219333034513671,0.27390799593672904,0.04418985270049101
135,1.0,0.0,0.0,0.0,0.0,1.0,0.0,1.0,0.0,0.0,0.658536585365854,0.6982758620689656,0.1022393285592341,0.13083264633140973,0.2481568929013437,0.07668030391583867,0.13304706409681757,0.21404730808300684,0.016366612111292964
136,0.0,0.0,0.0,1.0,0.0,1.0,0.0,1.0,0.0,0.0,0.7000000000000004,0.6206896551724139,0.11742290647570269,0.17328936521022256,0.08595615298596239,0.10987726475745177,0.20654415060510983,0.0643955884487012,0.031096563011456628
137,0.0,1.0,0.0,0.0,0.0,1.0,0.0,1.0,0.0,0.0,0.6829268292682931,0.26724137931034486,0.11955182760083623,0.044187963726298435,0.09368785861435816,0.2524839275277615,0.33647155535634243,0.28841967784066175,0.0
138,1.0,0.0,0.0,0.0,0.0,1.0,0.0,1.0,0.0,0.0,0.7975609756097561,0.7931034482758621,0.10463404535905416,0.18738664468260513,0.05367741487757326,0.08883693746347165,0.12854504706409683,0.20407052677405313,0.1309328968903437
139,0.0,0.0,1.0,0.0,0.0,1.0,0.0,1.0,0.0,0.0,0.5121951219512195,0.2241379310344828,0.1348861934481366,0.19043693322341304,0.09171015607223572,0.049561659848042075,0.20654415060510983,0.1433028588013351,0.09328968903436989
140,0.0,1.0,0.0,0.0,0.0,1.0,0.0,0.0,0.0,1.0,0.5609756097560976,0.36206896551724144,0.3261389600233082,0.22093981863149217,0.18521892093593,0.061952074810052604,0.1350658897355446,0.017232622260920042,0.06382978723404256
141,1.0,0.0,0.0,0.0,0.0,1.0,0.0,0.0,0.0,1.0,0.5365853658536586,0.7525862068965518,0.2571266465275328,0.4460016488046167,0.5195110605739001,0.0537697253068381,0.1028668758404303,0.24760557248585113,0.3109656301145663
142,0.0,1.0,0.0,0.0,1.0,0.0,0.0,0.0,1.0,0.0,0.7317073170731707,0.15517241379310345,0.12721901052448642,0.03099752679307502,0.1391836486272754,0.12413793103448276,0.22375616315553565,0.2412567116528806,0.0
143,1.0,0.0,0.0,0.0,1.0,0.0,0.0,0.0,1.0,0.0,0.6829268292682931,0.7586206896551725,0.04855371372783544,0.1364385820280297,0.09908257367743084,0.04597779076563414,0.096666965486329,0.18502394427514152,0.04091653027823241
144,0.0,0.0,0.0,1.0,1.0,0.0,0.0,0.0,1.0,0.0,0.658536585365854,0.8362068965517242,0.06588154713528488,0.15416323165704865,0.06203922322533593,0.0695499707773232,0.1332729717615419,0.313361631113046,0.0
145,0.0,1.0,0.0,0.0,1.0,0.0,0.0,0.0,1.0,0.0,0.8292682926829269,0.3448275862068966,0.10397023429207196,0.0741962077493817,0.14781519272819169,0.23611922852133255,0.3316898251904975,0.6153860107386445,0.0
146,0.0,1.0,0.0,0.0,1.0,0.0,0.0,0.0,1.0,0.0,0.9512195121951221,0.3362068965517242,0.11188464467718603,0.008408903544929925,0.15285063055749387,0.35145059029807124,0.4509188704616764,0.8478722246408359,0.0
147,0.0,0.0,1.0,0.0,1.0,0.0,0.0,0.0,1.0,0.0,0.7804878048780493,0.6034482758620691,0.1093289170359693,0.010717230008244023,0.10609570325942534,0.4200280771478667,0.4816978753922008,0.8386573066318386,0.0
148,1.0,0.0,0.0,0.0,1.0,0.0,0.0,0.0,1.0,0.0,0.7902439024390244,0.9568965517241381,0.10955893252367882,0.06974443528441879,0.05092611019540619,0.01776738749269433,0.0814666069027342,0.7377376287911769,0.0
149,0.0,0.0,0.0,1.0,1.0,0.0,0.0,1.0,0.0,0.0,0.41463414634146334,0.6982758620689656,0.040324270723117575,0.39736191261335535,0.10429818420040952,0.03195090590298071,0.1506051098162259,0.016325642141924248,0.0
150,1.0,0.0,0.0,0.0,1.0,0.0,0.0,1.0,0.0,0.0,0.4390243902439026,0.7655172413793104,0.05655314124484382,0.4463314097279472,0.2585147566118734,0.15289304500292228,0.3052837292693859,0.032651284283848496,0.10801963993453355
151,0.0,1.0,0.0,0.0,1.0,0.0,0.0,0.0,1.0,0.0,0.853658536585366,0.21551724137931036,0.21119255363194453,0.07089859851607584,0.14271501831813263,0.23697019286966686,0.41577766024204393,0.4912839210564504,0.0
152,1.0,0.0,0.0,0.0,1.0,0.0,0.0,0.0,1.0,0.0,0.7146341463414634,0.8017241379310346,0.1611897423315392,0.14229183841714757,0.24017272539742626,0.19473991817650496,0.26078350515463916,0.1906472210129154,0.0
153,0.0,0.0,0.0,1.0,1.0,0.0,0.0,0.0,1.0,0.0,0.7219512195121955,0.5948275862068966,0.11180797284794952,0.3341302555647156,0.6883656420480752,0.5164231209818819,0.44046079784849845,0.1315121172543898,0.10474631751227498
154,1.0,0.0,0.0,0.0,1.0,0.0,0.0,0.0,1.0,0.0,0.6000000000000001,0.5603448275862071,0.09885554516226314,0.3032151690024732,0.6713971160781165,0.47840093512565746,0.3924858807709547,0.054500435350457115,0.1407528641571195
155,0.0,0.0,0.0,1.0,1.0,0.0,0.0,0.0,0.0,1.0,0.6365853658536589,0.6465517241379312,0.26731888836070516,0.32217642209398184,0.1287869537577217,0.1898819403857393,0.2992379919318691,0.04905855463648237,0.09001636661211129
156,0.0,1.0,0.0,0.0,1.0,0.0,0.0,0.0,0.0,1.0,0.7073170731707317,0.47413793103448276,0.18202403406273798,0.20708985985160758,0.0665351787589007,0.14819170075978957,0.24523173464813985,0.08329705412857351,0.0
157,0.0,1.0,0.0,0.0,1.0,0.0,0.0,0.0,0.0,1.0,0.7317073170731707,0.7586206896551725,0.5319542626981327,0.36760098928276996,0.20813781762045788,0.20183050847457626,0.34621247870909905,0.24867580902626613,0.1849427168576105
158,0.0,0.0,0.0,1.0,1.0,0.0,0.0,0.0,0.0,1.0,0.8439024390243903,0.39224137931034486,0.47782139552952113,0.27625721352019783,0.05370762528192646,0.36976507305669193,0.3949403854773644,0.1868379045131331,0.0
159,1.0,0.0,0.0,0.0,1.0,0.0,0.0,1.0,0.0,0.0,0.7560975609756098,0.7672413793103449,0.011048410592979925,0.0775762572135202,0.02991585291076329,0.03506721215663355,0.0363962348722546,0.008162821070962126,0.0
160,0.0,1.0,0.0,0.0,1.0,0.0,0.0,1.0,0.0,0.0,0.6097560975609757,0.7672413793103449,0.008377675207908443,0.08351195383347072,0.008092072594609034,0.027469316189362946,0.017929179740026894,0.0036279204759831663,0.036006546644844525
161,0.0,0.0,1.0,0.0,1.0,0.0,0.0,1.0,0.0,0.0,0.6829268292682931,0.7318965517241379,0.013044433880770192,0.08211046990931574,0.05270205039416971,0.015586206896551722,0.023942626624831913,0.0054418807139747505,0.022913256955810146
162,0.0,1.0,0.0,0.0,1.0,0.0,0.0,0.0,0.0,1.0,0.7317073170731707,0.7155172413793104,0.004827769514258405,0.054657873042044516,0.006593420750087441,0.005194623027469316,0.010757507844016138,0.009976781308953709,0.0
163,0.0,0.0,1.0,0.0,1.0,0.0,0.0,0.0,0.0,1.0,0.6341463414634145,0.6637931034482759,0.005055229274326694,0.05539983511953834,0.005394715063072689,0.006545879602571594,0.009323173464813986,0.0054418807139747505,0.0
164,0.0,0.0,0.0,1.0,1.0,0.0,0.0,0.0,0.0,1.0,0.7073170731707317,0.7500000000000001,0.006460879476995895,0.06248969497114592,0.005934186569379959,0.007013442431326709,0.011930076199013897,0.034465244521840084,0.0
165,0.0,0.0,1.0,0.0,1.0,0.0,0.0,0.0,0.0,1.0,0.658536585365854,0.706896551724138,0.009297737158746466,0.07139323990107171,0.029131461340592524,0.011689070718877847,0.026893769610040343,0.024125671165288055,0.0
166,0.0,0.0,0.0,1.0,1.0,0.0,0.0,1.0,0.0,0.0,0.5853658536585367,0.7844827586206897,0.02257474225486738,0.06801319043693321,0.037763005441508825,0.04695032144944476,0.09877364410578217,0.1147969689405432,0.0
167,0.0,0.0,1.0,0.0,1.0,0.0,0.0,1.0,0.0,0.0,0.6097560975609757,0.7241379310344828,0.018889382996232856,0.05762572135201978,0.02967093284689979,0.05990648743424897,0.09300761990138952,0.016325642141924248,0.027823240589198037
168,0.0,0.0,0.0,1.0,1.0,0.0,0.0,0.0,1.0,0.0,0.7560975609756098,0.7758620689655173,0.09938458078399501,0.5131904369332234,0.16919767456275644,0.24249444769140852,0.40764500224114747,0.41607712958931947,0.06382978723404256
169,0.0,0.0,0.0,1.0,1.0,0.0,0.0,0.0,1.0,0.0,0.7560975609756098,0.853448275862069,0.05682149264717157,0.31038746908491344,0.08974863767530249,0.09421390999415545,0.151322277005827,0.15682593237556233,0.04255319148936171
170,0.0,0.0,1.0,0.0,1.0,0.0,0.0,0.0,1.0,0.0,0.6829268292682931,0.5517241379310345,0.058853296121938875,0.23124484748557297,0.04180904173881334,0.11718293395675043,0.15441506051098164,0.13219235234363663,0.04418985270049101
171,1.0,0.0,0.0,0.0,1.0,0.0,0.0,0.0,1.0,0.0,0.7195121951219516,0.7931034482758621,0.056476469415607314,0.2588623248145095,0.08318650627258085,0.10496785505552307,0.18010757507844016,0.16443549557393702,0.07855973813420622
172,0.0,1.0,0.0,0.0,1.0,0.0,0.0,0.0,0.0,1.0,0.7073170731707317,0.5,0.03208971626311727,0.15441055234954656,0.013786733815188563,0.1166312098188194,0.22590766472433887,0.22090407778261503,0.019639934533551555
173,1.0,0.0,0.0,0.0,1.0,0.0,0.0,0.0,0.0,1.0,0.7560975609756098,0.8275862068965518,0.0391511917357991,0.19150865622423743,0.1057364152362247,0.07831677381648158,0.14443388614970867,0.04915832244957191,0.26022913256955815
174,0.0,0.0,0.0,1.0,1.0,0.0,0.0,0.0,0.0,1.0,0.6829268292682931,0.7500000000000001,0.030566502588952098,0.12522671063478977,0.06522749982761188,0.0437802454704851,0.08866875840430301,0.07215026846611522,0.10801963993453355
175,0.0,1.0,0.0,0.0,1.0,0.0,0.0,0.0,0.0,1.0,0.6341463414634145,0.5517241379310345,0.018173779256692172,0.08268755152514426,0.03536559406747932,0.04234015195791935,0.21495114298520843,0.044541793643883325,0.0
176,1.0,0.0,0.0,0.0,1.0,0.0,0.0,0.0,0.0,1.0,0.7268292682926829,0.8017241379310346,0.06032283951563849,0.2981863149216818,0.07293654765274275,0.11715020455873756,0.16156163155535636,0.2058844870120447,0.05073649754500819
177,0.0,0.0,1.0,0.0,1.0,0.0,0.0,0.0,0.0,1.0,0.7073170731707317,0.5258620689655173,0.031236103230950885,0.2131904369332234,0.09890346913733684,0.04234015195791935,0.10837113402061857,0.05411950370047889,0.09983633387888707
178,1.0,0.0,0.0,0.0,1.0,0.0,0.0,0.0,0.0,1.0,0.6829268292682931,0.5689655172413794,0.04383839622979058,0.31599340478153337,0.08496676224339485,0.12302746931618935,0.14119229045271178,0.019391234944130024,0.016366612111292964
179,0.0,1.0,0.0,0.0,1.0,0.0,0.0,0.0,0.0,1.0,0.658536585365854,0.7586206896551725,0.03603064828587347,0.26380873866446825,0.1298324495369452,0.08026417299824663,0.13429672792469743,0.04051480191554201,0.07855973813420622
180,1.0,0.0,0.0,0.0,1.0,0.0,0.0,0.0,0.0,1.0,0.6341463414634145,0.4482758620689655,0.3572063852299388,0.24550700741962078,0.059460549425187186,0.18079018118059612,0.24961004034065445,0.2860433899288928,0.0
181,0.0,0.0,0.0,1.0,1.0,0.0,0.0,0.0,0.0,1.0,0.5853658536585367,0.5,0.10397023429207196,0.24439590214292092,0.16772461572755148,0.13605891447992935,0.2099402622940357,0.1147969689405432,0.0
182,0.0,0.0,1.0,0.0,1.0,0.0,0.0,0.0,0.0,1.0,0.7073170731707317,0.4224137931034484,0.21117977499373847,0.2308326463314097,0.02381119334539023,0.1472822910578609,0.2501425369789332,0.1641634015382383,0.0
183,0.0,0.0,1.0,0.0,0.0,0.0,1.0,0.0,0.0,1.0,0.5731707317073171,0.3362068965517242,0.1459601613175287,0.20280296784830998,0.2895160261933269,0.6888766569257744,0.6795159121470192,0.1147969689405432,0.019639934533551555
184,0.0,0.0,0.0,1.0,0.0,0.0,1.0,0.0,0.0,1.0,0.5804878048780489,0.6034482758620691,0.15107161659996216,0.6093981863149217,0.3039026307446689,0.0755885447106955,0.24562976243836845,0.06258162821070962,0.37970540098199673
185,0.0,0.0,1.0,0.0,0.0,0.0,1.0,0.0,0.0,1.0,0.5853658536585367,0.4655172413793104,0.20389083976098832,0.16133553173948886,0.18264994683346467,0.10954295733489187,0.20208695652173914,0.03900014511681904,0.34697217675941083
186,0.0,1.0,0.0,0.0,0.0,0.0,1.0,1.0,0.0,0.0,0.6707317073170731,0.5689655172413794,0.17322210806638758,0.2494641384995878,0.4887611847143856,0.10333138515488019,0.198655311519498,0.02720940356987375,0.07855973813420622
187,0.0,1.0,0.0,0.0,0.0,0.0,1.0,0.0,0.0,1.0,0.6097560975609757,0.9827586206896552,0.04799145364676777,0.0,0.13486787657681723,0.011689070718877847,0.06992380098610489,0.016325642141924248,0.0
188,0.0,0.0,1.0,0.0,0.0,0.0,1.0,0.0,0.0,1.0,0.6756097560975609,0.8879310344827587,0.03227372865328487,0.06924979389942292,0.01078943012614538,0.009351256575102279,0.01704527117884357,0.12334929618342767,0.0
189,0.0,1.0,0.0,0.0,0.0,0.0,1.0,1.0,0.0,0.0,0.41707317073170724,0.6982758620689656,0.01476699431095027,0.11500412201154163,0.05799318692803141,0.011689070718877847,0.026893769610040343,0.0054418807139747505,0.036006546644844525
190,1.0,0.0,0.0,0.0,0.0,0.0,1.0,1.0,0.0,0.0,0.5634146341463415,0.810344827586207,0.012211266669733538,0.11401483924154987,0.0010789430126145385,0.05454821741671537,0.051994621246077996,0.28841967784066175,0.04418985270049101
191,0.0,0.0,1.0,0.0,0.0,0.0,1.0,1.0,0.0,0.0,0.5829268292682928,0.7672413793103449,0.009655539028516808,0.11277823577906018,0.12084161741282824,0.03798947983635301,0.07844016136261767,0.0054418807139747505,0.016366612111292964
192,1.0,0.0,0.0,0.0,0.0,0.0,1.0,1.0,0.0,0.0,0.5414634146341464,0.8362068965517242,0.02033848056880274,0.12267106347897774,0.03668406242889429,0.03506721215663355,0.24831913939937247,0.0018139602379915833,0.031096563011456628
193,0.0,0.0,1.0,0.0,0.0,0.0,1.0,1.0,0.0,0.0,0.24390243902439024,0.7758620689655173,0.009655539028516808,0.09727947238252266,0.08092072594609033,0.0023378141437755697,0.10398924249215599,0.0036279204759831663,0.0
194,1.0,0.0,0.0,0.0,0.0,0.0,1.0,1.0,0.0,0.0,0.2902439024390244,0.6551724137931035,0.028619038126344948,0.1620774938169827,0.039920891466737905,0.0046756282875511385,0.025100851636037654,0.0036279204759831663,0.016366612111292964
195,0.0,0.0,1.0,0.0,0.0,0.0,1.0,1.0,0.0,0.0,0.2878048780487805,0.7241379310344828,0.026789137135233773,0.12036273701566363,0.04423666351719605,0.0046756282875511385,0.022795159121470194,0.004534900594978958,0.0
196,0.0,0.0,1.0,0.0,0.0,0.0,1.0,1.0,0.0,0.0,0.5365853658536586,0.7758620689655173,0.03666446874089522,0.1012366034624897,0.06069054445956775,0.07831677381648158,0.10936799641416406,0.008162821070962126,0.031096563011456628
197,0.0,1.0,0.0,0.0,0.0,0.0,1.0,1.0,0.0,0.0,0.658536585365854,0.9396551724137931,0.0684372747765016,0.3330585325638912,0.005394715063072689,0.8462887200467563,0.8623935454952936,0.05260484690175592,0.05564648117839607
198,1.0,0.0,0.0,0.0,0.0,0.0,1.0,1.0,0.0,0.0,0.6341463414634145,0.8189655172413794,0.01476699431095027,0.12860676009892827,0.005394715063072689,0.0023378141437755697,0.007171671896010758,0.1147969689405432,0.0
199,0.0,0.0,1.0,0.0,0.0,0.0,1.0,1.0,0.0,0.0,0.6341463414634145,0.7413793103448277,0.00857446623628213,0.06496290189612532,0.006023738839426964,0.0015593220338983049,0.0019506947557149262,0.0054418807139747505,0.0
200,1.0,0.0,0.0,0.0,0.0,0.0,1.0,0.0,0.0,1.0,0.6097560975609757,0.39655172413793116,0.05361405445744457,0.2656224237427865,0.04207877749196698,0.12577440093512565,0.27610936799641417,0.5561602089682194,0.034369885433715226
201,0.0,0.0,1.0,0.0,0.0,0.0,1.0,0.0,0.0,1.0,0.7170731707317073,0.9508620689655174,0.05705150813488108,0.3297609233305853,0.17856506858770602,0.15663354763296317,0.2063092783505155,0.37548976926425776,0.03927986906710311
202,1.0,0.0,0.0,0.0,0.0,0.0,1.0,0.0,0.0,1.0,0.7073170731707317,0.5172413793103449,0.18088929099003775,0.9084913437757626,0.5340767912441963,0.2805376972530683,0.2099402622940357,0.06258162821070962,0.20294599018003276
203,0.0,1.0,0.0,0.0,0.0,0.0,1.0,0.0,0.0,1.0,0.5121951219512195,0.4310344827586208,0.16555492514273737,0.1511129431162407,0.8388781923078032,0.1782583284628872,0.6077991931869117,0.07981425047162966,0.0
204,1.0,0.0,0.0,0.0,0.0,0.0,1.0,1.0,0.0,0.0,0.6829268292682931,0.7500000000000001,0.12875244710921646,0.8651277823577905,0.35497225115018294,0.48649914669783745,0.4942483012102196,0.18611232041793643,0.07528641571194762
205,0.0,0.0,1.0,0.0,0.0,0.0,1.0,1.0,0.0,0.0,0.7073170731707317,0.8362068965517242,0.14585537648423882,0.8677658697444353,0.33188288146966194,0.608766779661017,0.5350067055132228,0.21132636772601945,0.16039279869067105
206,0.0,0.0,1.0,0.0,0.0,0.0,1.0,1.0,0.0,0.0,0.6097560975609757,0.896551724137931,0.1681106527839541,0.33635614179719703,0.005394715063072689,0.058445353594389245,0.12371134020618557,0.014511681903932669,0.40261865793780693
207,1.0,0.0,0.0,0.0,0.0,0.0,1.0,0.0,1.0,0.0,0.12926829268292694,0.8129310344827587,0.022101932641242283,0.051112943116240726,0.03344723339105068,0.0046756282875511385,0.024636485880770956,0.017232622260920042,0.0
208,0.0,0.0,0.0,1.0,0.0,0.0,1.0,0.0,0.0,1.0,0.5867368339288477,0.8879310344827587,0.045435726005551035,0.2588623248145095,0.005394715063072689,0.046756282875511396,0.07171671896010758,0.041721085473806416,0.34533551554828157
209,0.0,0.0,1.0,0.0,0.0,0.0,1.0,0.0,0.0,1.0,0.3902439024390245,0.7413793103448277,0.045435726005551035,0.19950535861500412,0.08092072594609033,0.023378141437755698,0.07709547288211564,0.020860542736903204,0.024549918166939445
210,0.0,1.0,0.0,0.0,0.0,0.0,1.0,0.0,0.0,1.0,0.5609756097560976,0.5862068965517242,0.07009849774329248,0.17007419620774938,0.06203922322533593,0.015780245470485097,0.051994621246077996,0.1147969689405432,0.07855973813420622
211,1.0,0.0,0.0,0.0,0.0,0.0,1.0,0.0,0.0,1.0,0.5365853658536586,0.6293103448275863,0.09175573377496307,0.49249793899422917,0.1769466540687842,0.028266510812390414,0.12560645450470642,0.028116383688869536,0.034369885433715226
212,0.0,0.0,1.0,0.0,0.0,0.0,1.0,1.0,0.0,0.0,0.5365853658536586,0.6551724137931035,0.014036056205562286,0.0665292662819456,0.018496320065251023,0.011689070718877847,0.03175974899148364,0.011790741546945292,0.0
213,1.0,0.0,0.0,0.0,0.0,0.0,1.0,1.0,0.0,0.0,0.5365853658536586,0.8232758620689655,0.013087881250670877,0.11236603462489694,0.015914409436064432,0.011263588544710693,0.014067234424025101,0.015418662022928456,0.0
214,1.0,0.0,0.0,0.0,0.0,0.0,1.0,1.0,0.0,0.0,0.07317073170731714,0.8706896551724139,0.10397023429207196,0.1549876339653751,0.0,0.0,0.0017929179740026895,0.1147969689405432,0.0
215,0.0,0.0,0.0,1.0,0.0,0.0,1.0,1.0,0.0,0.0,0.29268292682926833,0.6293103448275863,0.10397023429207196,0.06430338004946413,0.005394715063072689,0.0,0.023307933662034964,0.1147969689405432,0.0
216,0.0,0.0,1.0,0.0,0.0,0.0,1.0,0.0,0.0,1.0,0.24390243902439024,0.6034482758620691,0.10397023429207196,0.07831821929101401,0.01618414518921807,0.0,0.010757507844016138,0.1147969689405432,0.0
217,0.0,0.0,0.0,1.0,0.0,0.0,1.0,1.0,0.0,0.0,0.24390243902439024,0.8620689655172415,0.10397023429207196,0.18219291014014838,0.005394715063072689,0.0,0.005378753922008069,0.1147969689405432,0.0
218,0.0,0.0,0.0,1.0,0.0,0.0,1.0,0.0,0.0,1.0,0.3170731707317074,0.6379310344827587,0.10397023429207196,0.18219291014014838,0.005394715063072689,0.0023378141437755697,0.021515015688032275,0.1147969689405432,0.036006546644844525
219,0.0,0.0,0.0,1.0,0.0,0.0,1.0,1.0,0.0,0.0,0.5024390243902439,0.7758620689655173,0.009655539028516808,0.08219291014014839,0.01078943012614538,0.0011689070718877846,0.011354549529359033,0.007255840951966333,0.027823240589198037
220,1.0,0.0,0.0,0.0,0.0,0.0,1.0,1.0,0.0,0.0,0.4878048780487805,0.7500000000000001,0.007227597769360914,0.08260511129431163,0.008990832124116945,0.0015593220338983049,0.017629762438368446,0.1147969689405432,0.0
221,0.0,0.0,0.0,1.0,0.0,1.0,0.0,0.0,0.0,1.0,0.5853658536585367,0.4482758620689655,0.09422712240401965,0.18441879637262984,0.15252370003524154,0.19425131502045584,0.30798386373823394,0.01904658249891162,0.04746317512274959
222,0.0,1.0,0.0,0.0,0.0,1.0,0.0,0.0,0.0,1.0,0.6341463414634145,0.5172413793103449,0.09559188096442937,0.11978565539983513,0.10866466657246056,0.15362711864406778,0.2553115015688032,0.021767522855899,0.17184942716857612
223,1.0,0.0,0.0,0.0,0.0,1.0,0.0,0.0,0.0,1.0,0.6341463414634145,0.7672413793103449,0.34360482828065975,0.37131079967023906,0.6611525629627715,0.1132530683810637,0.29364051994621243,0.1723262226092004,0.24713584288052373
224,0.0,0.0,1.0,0.0,0.0,1.0,0.0,0.0,0.0,1.0,0.5853658536585367,0.5775862068965518,0.3354315601694958,0.28474855729596044,0.8491281509276413,0.14517825832846287,0.5120573913043478,0.07255840951966332,0.1309328968903437
225,1.0,0.0,0.0,0.0,0.0,1.0,0.0,1.0,0.0,0.0,0.8048780487804879,0.7500000000000001,0.0883719503779921,0.49464138499587795,0.1268362247909146,0.09377206312098187,0.2565862662483191,0.24334276592657092,0.08346972176759411
226,0.0,0.0,1.0,0.0,0.0,1.0,0.0,1.0,0.0,0.0,0.6341463414634145,0.6379310344827587,0.07619901962287683,0.42737015663643857,0.18320452354194855,0.20011689070718874,0.23272075302554912,0.02947685386736323,0.019639934533551555
227,0.0,0.0,1.0,0.0,0.0,1.0,0.0,0.0,0.0,1.0,0.5365853658536586,0.6034482758620691,0.07374807681494998,0.23272877164056058,0.2789671895695644,0.06078316773816482,0.16874943971313314,0.10248875344652444,0.2225859247135843
228,0.0,0.0,1.0,0.0,0.0,1.0,0.0,1.0,0.0,0.0,0.46341463414634143,0.7758620689655173,0.02590229964373156,0.27617477328936524,0.13235070252838751,0.049094097019286964,0.05974181981174361,0.009069801189957916,0.07692307692307693
229,0.0,1.0,0.0,0.0,0.0,1.0,0.0,1.0,0.0,0.0,0.4390243902439026,0.6206896551724139,0.034573883530379934,0.43429513602638087,0.05799318692803141,0.12916423144360023,0.11295383236216944,0.020860542736903204,0.17348608837970542
230,0.0,1.0,0.0,0.0,0.0,1.0,0.0,0.0,0.0,1.0,0.46341463414634143,0.6120689655172414,0.14204223084354345,0.36339653751030504,0.4143141168439825,0.295499707773232,0.36790676826535185,0.043535045711798,0.2913256955810148
231,1.0,0.0,0.0,0.0,0.0,1.0,0.0,0.0,0.0,1.0,0.853658536585366,0.5344827586206897,0.25807226575478304,0.3549876339653751,0.289965934640157,0.35505552308591465,0.5187144598834603,0.0952329124945581,0.3158756137479542
232,1.0,0.0,0.0,0.0,0.0,1.0,0.0,1.0,0.0,0.0,0.8048780487804879,0.5344827586206897,0.15328743246489707,0.3324814509480627,0.32527003974534746,0.3156049094097019,0.4337803496190049,0.16507038165723406,0.18985270049099837
233,0.0,0.0,1.0,0.0,0.0,1.0,0.0,0.0,1.0,0.0,0.7073170731707317,0.770689655172414,0.1432996488430221,0.05721352019785655,0.2803093838878268,0.09912331969608415,0.22221783953384133,0.27463358003192573,0.1309328968903437
234,1.0,0.0,0.0,0.0,0.0,1.0,0.0,1.0,0.0,0.0,0.658536585365854,0.5862068965517242,0.1911122015549047,0.427040395713108,0.5988133720010685,0.06896551724137931,0.3030031376064545,0.14965171963430562,0.23076923076923078
235,0.0,1.0,0.0,0.0,0.0,1.0,0.0,1.0,0.0,0.0,0.5365853658536586,0.3879310344827587,0.34871628356309325,0.3078318219291014,0.161241559577167,0.08078550555230858,0.3125647512326311,0.022674502974894793,0.8788870703764322
236,1.0,0.0,0.0,0.0,0.0,1.0,0.0,0.0,0.0,1.0,0.4878048780487805,0.6379310344827587,0.16498755360638728,0.508161582852432,0.7714442540193946,0.04857510227936879,0.4329896907216495,0.48976926425772754,1.0
237,0.0,0.0,1.0,0.0,0.0,1.0,0.0,0.0,0.0,1.0,0.46341463414634143,0.6379310344827587,0.15675555487402817,0.579967023907667,0.5970147847884701,0.05493863237872589,0.4595840609592111,0.1750471629661878,0.25859247135842883
238,1.0,0.0,0.0,0.0,0.0,1.0,0.0,0.0,1.0,0.0,0.46341463414634143,0.5862068965517242,0.14638696783361188,0.6074196207749382,0.6171554032155157,0.15499707773232027,0.4544043030031376,0.1977216659410826,0.2160392798690671
239,0.0,1.0,0.0,0.0,0.0,1.0,0.0,0.0,1.0,0.0,0.5121951219512195,0.2586206896551724,0.2266598173165882,0.1413025556471558,0.716516344190201,0.08692460549386324,0.3660815956969969,0.02358148309389058,0.03927986906710311
240,0.0,1.0,0.0,0.0,0.0,1.0,0.0,0.0,1.0,0.0,0.5609756097560976,0.4655172413793104,0.14063658064087425,0.18425391591096454,0.09103581668935162,0.0385739333722969,0.2519049753473778,0.152372659991293,0.05564648117839607
241,0.0,1.0,0.0,0.0,0.0,1.0,0.0,1.0,0.0,0.0,0.6000000000000001,0.03448275862068967,0.09910600647110238,0.1718878812860676,0.8287631015645419,0.20981881940385738,0.29090094128193633,0.23400087070091424,0.027823240589198037
242,1.0,0.0,0.0,0.0,0.0,1.0,0.0,1.0,0.0,0.0,0.7073170731707317,0.4913793103448276,0.02320089552696548,0.12835943940643033,0.2751304682167071,0.0201052016364699,0.03065889735544599,0.03355826440284429,0.026186579378068744
243,1.0,0.0,0.0,0.0,0.0,1.0,0.0,0.0,0.0,1.0,0.6341463414634145,0.7413793103448277,0.16121018815266894,0.032069249793899426,0.22889021831451603,0.05454821741671537,0.20259973106230392,0.022674502974894793,0.39443535188216045
244,0.0,0.0,0.0,1.0,0.0,1.0,0.0,0.0,0.0,1.0,0.5853658536585367,0.2586206896551724,0.1496250747550335,0.025391591096455068,0.09575619236954024,0.07568673290473407,0.1969968623935455,0.022674502974894793,0.08837970540098201
245,1.0,0.0,0.0,0.0,0.0,1.0,0.0,1.0,0.0,0.0,0.7560975609756098,0.7758620689655173,0.0022899319665301908,0.04402308326463314,0.023050538521496987,0.03230391583869082,0.03567906768265352,0.0108837614279495,0.0
246,0.0,1.0,0.0,0.0,0.0,1.0,0.0,1.0,0.0,0.0,0.6829268292682931,0.810344827586207,0.0007104922842582511,0.026380873866446827,0.005394715063072689,0.04815897136177674,0.04769161810847154,0.0036279204759831663,0.0
247,0.0,0.0,0.0,1.0,0.0,1.0,0.0,0.0,1.0,0.0,0.7073170731707317,0.5603448275862071,0.09292881276228154,0.4643033800494641,0.4702389808062619,0.3459964932787843,0.4757759031824294,0.17801298795530404,0.20785597381342064
248,1.0,0.0,0.0,0.0,0.0,1.0,0.0,0.0,1.0,0.0,0.658536585365854,0.6034482758620691,0.1649619963299751,0.5170651277823578,0.3799681131339938,0.5096434833430742,0.5405647691618108,0.0731660861993905,0.15548281505728315
249,1.0,0.0,0.0,0.0,0.0,1.0,0.0,0.0,0.0,1.0,0.6829268292682931,0.7758620689655173,0.12032876880376611,0.6408079142621599,0.27395334138994465,0.3368579777907656,0.3981066965486329,0.11935858365984617,0.11292962356792145
250,1.0,0.0,0.0,0.0,0.0,1.0,0.0,1.0,0.0,0.0,0.5609756097560976,0.8706896551724139,0.029748669743762744,0.18211046990931576,0.133396198307611,0.11009000584453536,0.12206006275212909,0.023173342040342475,0.6202945990180033
251,1.0,0.0,0.0,0.0,0.0,1.0,0.0,0.0,0.0,1.0,0.8609756097560977,0.8793103448275863,0.0773720986101953,0.40981038746908494,0.10206800899333526,0.1486849795441262,0.26044822949350066,0.48913437817443045,0.03927986906710311
252,1.0,0.0,0.0,0.0,0.0,1.0,0.0,1.0,0.0,0.0,0.4390243902439026,0.8275862068965518,0.03018058771512837,0.1336356141797197,0.18536240956717762,0.08252483927527761,0.1032702823845809,0.3256058627194892,0.265139116202946
253,0.0,0.0,1.0,0.0,0.0,1.0,0.0,0.0,0.0,1.0,0.658536585365854,0.6120689655172414,0.6933126830539922,0.5206100577081616,0.399208914667379,0.39275277615429566,0.5602868668758404,0.02358148309389058,0.2700490998363339
254,0.0,0.0,0.0,1.0,0.0,1.0,0.0,0.0,0.0,1.0,0.6341463414634145,0.7413793103448277,0.10421746175353584,0.4253915910964551,0.4369719201088878,0.08649912331969609,0.10757507844016137,0.05260484690175592,0.05564648117839607
255,0.0,0.0,1.0,0.0,0.0,1.0,0.0,0.0,0.0,1.0,0.6341463414634145,0.810344827586207,0.09143882354745218,0.36273701566364386,0.02967093284689979,0.25014611338398596,0.27700582698341547,0.025395443331882164,0.2144026186579378
256,0.0,1.0,0.0,0.0,0.0,1.0,0.0,0.0,1.0,0.0,0.626829268292683,0.3879310344827587,0.09476126948103393,0.04344600164880462,0.08307861197131941,0.14260666277030976,0.23684448229493502,0.0108837614279495,0.0
257,1.0,0.0,0.0,0.0,0.0,1.0,0.0,0.0,1.0,0.0,0.6658536585365853,0.7586206896551725,0.091837517059482,0.09373454245671888,0.12347855413565816,0.21481940385739332,0.20054683998207085,0.09341895225656653,0.0
258,0.0,1.0,0.0,0.0,0.0,1.0,0.0,0.0,0.0,1.0,0.7073170731707317,0.4224137931034484,0.11599681045190376,0.3636438582028029,0.16723616695525337,0.20424079485680888,0.3215849394890184,0.2959748222318967,0.0
259,1.0,0.0,0.0,0.0,0.0,1.0,0.0,0.0,0.0,1.0,0.6097560975609757,0.6293103448275863,0.1202342068810411,0.7722176422093983,0.17704483788293215,0.17299824663939217,0.22730255490811296,0.031445000725584094,0.4222585924713585
260,0.0,0.0,0.0,1.0,0.0,1.0,0.0,1.0,0.0,0.0,0.6341463414634145,0.8706896551724139,0.030740292068554838,0.19356966199505357,0.12610146459932411,0.03039158386908241,0.04751232631107127,0.03990712523581483,0.20949263502454996
261,0.0,0.0,1.0,0.0,0.0,1.0,0.0,1.0,0.0,0.0,0.6097560975609757,0.6551724137931035,0.027545632517033923,0.18557295960428688,0.04720375680188603,0.03828170660432496,0.11810847153742716,0.020860542736903204,0.10474631751227498
262,0.0,0.0,1.0,0.0,0.0,1.0,0.0,0.0,1.0,0.0,0.5365853658536586,0.5258620689655173,0.22178093324950546,1.0,0.6986156006679133,0.21566335476329632,0.3729269385925594,0.05260484690175592,0.29623567921440264
263,0.0,1.0,0.0,0.0,0.0,1.0,0.0,1.0,0.0,0.0,0.648780487804878,0.27586206896551724,0.11397522988770131,0.04336356141797197,0.09955730860298125,0.24419637638807712,0.32386553115194977,0.18502394427514152,0.0
264,0.0,0.0,1.0,0.0,0.0,1.0,0.0,1.0,0.0,0.0,0.6121951219512194,0.4137931034482759,0.12685354147179242,0.08186314921681781,0.20422233342767973,0.1776738749269433,0.35243567906768264,0.11609345523146132,0.024549918166939445
265,0.0,0.0,1.0,0.0,0.0,1.0,0.0,1.0,0.0,0.0,0.5536585365853659,0.0,0.12530221479357387,0.050370981038746904,0.3799228083168941,0.2974868497954412,0.33012102196324516,0.03900014511681904,0.0
266,0.0,0.0,0.0,1.0,0.0,1.0,0.0,1.0,0.0,0.0,0.3902439024390245,0.7155172413793104,0.12594114670387804,0.32605111294311623,0.053947150630726894,0.039742840444184684,0.24562976243836845,0.44260629806994634,0.04746317512274959
267,0.0,1.0,0.0,0.0,0.0,1.0,0.0,1.0,0.0,0.0,0.5365853658536586,0.5603448275862071,0.13105260198631152,0.172959604286892,0.02718936391788636,0.05517241379310345,0.3288211385029135,0.2820708170076912,0.022913256955810146
268,0.0,0.0,0.0,1.0,0.0,1.0,0.0,0.0,0.0,1.0,0.5609756097560976,0.8189655172413794,0.21028015886403015,0.5179719703215169,0.31828818872128867,0.026494447691408532,0.09382877633348274,0.12244231606443186,0.16366612111292964
269,0.0,0.0,1.0,0.0,0.0,1.0,0.0,0.0,0.0,1.0,0.5853658536585367,0.6034482758620691,0.44987962522809866,0.05094806265457543,0.46934021048732394,0.03565166569257744,0.14029583146571045,0.029930343926861124,0.2144026186579378
270,0.0,0.0,0.0,1.0,1.0,0.0,0.0,0.0,1.0,0.0,0.5121951219512195,0.6465517241379312,0.1681106527839541,0.29348722176422093,0.32907761884743403,0.0841613091759205,0.2099402622940357,0.15554709040777828,0.04418985270049101
271,0.0,0.0,0.0,1.0,1.0,0.0,0.0,0.0,1.0,0.0,0.7560975609756098,0.31034482758620696,0.12210755524205295,0.09389942291838417,0.15028165645502853,0.0834926943308007,0.11803316898251906,0.19787585256131188,0.0
272,0.0,0.0,1.0,0.0,1.0,0.0,0.0,0.0,1.0,0.0,0.5609756097560976,0.3017241379310345,0.12210755524205295,0.04229183841714757,0.14385869791150405,0.14104734073641145,0.15807619901389514,0.034465244521840084,0.0
273,1.0,0.0,0.0,0.0,1.0,0.0,0.0,0.0,1.0,0.0,0.7560975609756098,0.896551724137931,0.0818037303400651,0.15556471558120363,0.2465384783824219,0.0385739333722969,0.11683908561183327,0.3549285299666231,0.0
274,0.0,0.0,0.0,1.0,1.0,0.0,0.0,0.0,1.0,0.0,0.7317073170731707,0.40517241379310354,0.1093289170359693,0.055070074196207755,0.0971048711353084,0.022209234365867914,0.13207888839085613,0.574118415324336,0.0
275,0.0,1.0,0.0,0.0,1.0,0.0,0.0,1.0,0.0,0.0,0.4390243902439026,0.47413793103448276,0.04799145364676777,0.3619126133553174,0.12407844645067186,0.17266393921683226,0.29634424025100853,0.04625598606878537,0.07364975450081834
276,0.0,0.0,1.0,0.0,1.0,0.0,0.0,1.0,0.0,0.0,0.5365853658536586,0.7413793103448277,0.05693650039102632,0.38911788953009063,0.18746634844177595,0.2700175336060783,0.35858359480053786,0.022674502974894793,0.1391162029459902
277,0.0,0.0,0.0,1.0,1.0,0.0,0.0,0.0,1.0,0.0,0.7073170731707317,0.6896551724137933,0.1789724952591252,0.13553173948887057,0.3021040435320706,0.15830274693161892,0.23487225459435232,0.14355681323465388,0.027823240589198037
278,0.0,1.0,0.0,0.0,1.0,0.0,0.0,0.0,1.0,0.0,0.5804878048780489,0.3275862068965517,0.11970517125930923,0.25457543281121187,0.37978794044031733,0.7256574868497955,0.6119228865979381,0.16624945581192863,0.07037643207855974
279,0.0,0.0,1.0,0.0,1.0,0.0,0.0,0.0,1.0,0.0,0.5731707317073171,0.4655172413793104,0.14584004211839152,0.30882110469909313,0.45392641981968257,0.6783004324956166,0.5898700134468848,0.04094108257147004,0.18330605564648117
280,0.0,1.0,0.0,0.0,1.0,0.0,0.0,0.0,0.0,1.0,0.575609756097561,0.31896551724137934,0.3351632343244445,0.27312448474855733,0.8695201954449164,0.7257860666277031,0.6254020439264903,0.18384487012044695,0.0
281,0.0,0.0,0.0,1.0,1.0,0.0,0.0,0.0,0.0,1.0,0.6707317073170731,0.08189655172413793,0.24921155802268463,0.30346248969497114,0.14289952836271985,0.21040327293980127,0.2771062303899597,0.023073574227252938,0.10965630114566285
282,0.0,0.0,1.0,0.0,1.0,0.0,0.0,0.0,0.0,1.0,0.6219512195121952,0.7413793103448277,0.4839142502261819,0.4131079967023908,0.17041257518439057,0.3150859146697837,0.391354549529359,0.024116601364098097,0.019639934533551555
283,0.0,0.0,0.0,1.0,1.0,0.0,0.0,1.0,0.0,0.0,0.7073170731707317,0.7155172413793104,0.007099811387300078,0.07015663643858203,0.03536559406747932,0.022859146697837524,0.04103809950694756,0.002720940356987375,0.05564648117839607
284,0.0,0.0,0.0,1.0,1.0,0.0,0.0,0.0,0.0,1.0,0.7073170731707317,0.8275862068965518,0.007099811387300078,0.06380873866446826,0.006375474261539305,0.006375219170075977,0.01271358135365307,0.030837324045856918,0.0
285,0.0,1.0,0.0,0.0,1.0,0.0,0.0,0.0,0.0,1.0,0.7073170731707317,0.5775862068965518,0.009719432219547228,0.06801319043693321,0.020107181983084525,0.010714202220923437,0.05395069475571493,0.019953562617907414,0.019639934533551555
286,1.0,0.0,0.0,0.0,1.0,0.0,0.0,0.0,0.0,1.0,0.6829268292682931,0.8301724137931035,0.01212437192993217,0.07988458367683429,0.020619679914076434,0.011689070718877847,0.030779022859704172,0.01753192570018865,0.0
287,0.0,1.0,0.0,0.0,1.0,0.0,0.0,1.0,0.0,0.0,0.6341463414634145,0.6982758620689656,0.015789285367436963,0.045589447650453425,0.01772595475424424,0.025715955581531266,0.1349816225907665,0.009976781308953709,0.4337152209492635
288,1.0,0.0,0.0,0.0,1.0,0.0,0.0,1.0,0.0,0.0,0.5853658536585367,0.7913793103448277,0.02422318658345217,0.0720527617477329,0.06764972689093152,0.05984804208065459,0.08970685791125056,0.018139602379915833,0.0
289,1.0,0.0,0.0,0.0,1.0,0.0,0.0,0.0,1.0,0.0,0.658536585365854,0.6120689655172414,0.10692142159794314,0.48821104699093154,0.12054706597038446,0.3496972296902396,0.3939453339309727,0.05895370773472646,0.0
290,0.0,1.0,0.0,0.0,1.0,0.0,0.0,0.0,1.0,0.0,0.7560975609756098,0.4310344827586208,0.042596312596159244,0.17633965375103047,0.02697357531536345,0.08442080654587959,0.1514011653966831,0.2070907705703091,0.0
291,0.0,0.0,0.0,1.0,1.0,0.0,0.0,0.0,0.0,1.0,0.7317073170731707,0.7413793103448277,0.03823368551260229,0.2062654575432811,0.14663806590142922,0.07225949736995908,0.1375168086060063,0.13711725438978378,0.14238952536824878
292,0.0,0.0,1.0,0.0,1.0,0.0,0.0,0.0,0.0,1.0,0.5853658536585367,0.6293103448275863,0.03872694094735712,0.17460840890354493,0.04180904173881334,0.1119228521332554,0.15329448677722995,0.07187817443041648,0.15057283142389524
293,0.0,0.0,1.0,0.0,1.0,0.0,0.0,0.0,0.0,1.0,0.6341463414634145,0.6637931034482759,0.04511626005039895,0.1948062654575433,0.0633879019911041,0.1005260081823495,0.1362617660242044,0.07494376723262225,0.0
294,0.0,1.0,0.0,0.0,1.0,0.0,0.0,0.0,0.0,1.0,0.7073170731707317,0.6724137931034483,0.0417171422875807,0.31731244847485574,0.10603096667866847,0.07778609000584454,0.11187808157776782,0.13134886083297057,0.07528641571194762
295,0.0,1.0,0.0,0.0,1.0,0.0,0.0,0.0,0.0,1.0,0.5951219512195121,0.6465517241379312,0.3323493781914649,0.3112943116240725,0.13595545113353272,0.22559906487434248,0.2724625728372927,0.053965317080249604,0.036006546644844525
296,1.0,0.0,0.0,0.0,1.0,0.0,0.0,0.0,0.0,1.0,0.5731707317073171,0.6293103448275863,0.19593230388623942,0.2853256389117889,0.09583927098151154,0.15741203974284043,0.2600609592111161,0.03401175446234219,0.05728314238952537
297,0.0,0.0,1.0,0.0,0.0,0.0,1.0,1.0,0.0,0.0,0.40243902439024404,0.6672413793103449,0.10397023429207196,0.05292662819455894,0.08631544100916302,0.03179427235534775,0.03307933662034962,0.0023581483093890582,0.0
298,1.0,0.0,0.0,0.0,0.0,0.0,1.0,1.0,0.0,0.0,0.4975609756097561,0.7327586206896554,0.08692796426070466,0.24253915910964552,0.039305893949547616,0.037405026300409115,0.07273330345136711,0.06557466260339573,0.4517184942716858
299,0.0,0.0,0.0,1.0,0.0,0.0,1.0,1.0,0.0,0.0,0.5658536585365854,0.5775862068965518,0.027205720740752098,0.14138499587798847,0.2098975736740322,0.005194623027469316,0.04697445091887047,0.015418662022928456,0.0
300,0.0,1.0,0.0,0.0,0.0,0.0,1.0,1.0,0.0,0.0,0.4926829268292683,0.6551724137931035,0.027686197537300842,0.12448474855729597,0.009235752187980445,0.007013442431326709,0.020887494397131334,0.011391670294587142,0.019639934533551555
301,0.0,0.0,1.0,0.0,0.0,1.0,0.0,1.0,0.0,0.0,0.524390243902439,0.7672413793103449,0.03904640690250921,0.32778235779060183,0.05679556018402927,0.022209234365867914,0.0756055580457194,0.026483819474677116,0.15057283142389524
302,0.0,0.0,0.0,1.0,0.0,0.0,1.0,1.0,0.0,0.0,0.36097560975609766,0.5689655172413794,0.023584254673147988,0.12959604286892004,0.023240432491717145,0.007013442431326709,0.02259076647243389,0.004308155565230011,0.0
303,0.0,0.0,1.0,0.0,0.0,0.0,1.0,1.0,0.0,0.0,0.3219512195121952,0.8017241379310346,0.022689749998722135,0.05193734542456719,0.01726308820183261,0.009351256575102279,0.2099402622940357,0.02049775068930489,0.034369885433715226
304,0.0,0.0,0.0,1.0,0.0,0.0,1.0,1.0,0.0,0.0,0.6097560975609757,0.6896551724137933,0.0360817628386978,0.06018136850783182,0.018881502720754416,0.05143191116306253,0.07978484984311968,0.005895370773472646,0.0
305,0.0,1.0,0.0,0.0,0.0,0.0,1.0,1.0,0.0,0.0,0.3902439024390245,0.8189655172413794,0.02235750540536396,0.018961253091508656,0.13972312013358265,0.028053769725306838,0.03227252353204841,0.1147969689405432,0.0
306,0.0,1.0,0.0,0.0,1.0,0.0,0.0,0.0,0.0,1.0,0.7341463414634146,0.7155172413793104,0.008423678305450344,0.054657873042044516,0.007789968551076965,0.005194623027469316,0.010757507844016138,0.009976781308953709,0.0
307,0.0,0.0,1.0,0.0,1.0,0.0,0.0,0.0,0.0,1.0,0.6390243902439028,0.6637931034482759,0.005310802038448366,0.05539983511953834,0.005254452471432799,0.007013442431326709,0.00918511878081578,0.0054418807139747505,0.0
308,0.0,0.0,0.0,1.0,1.0,0.0,0.0,0.0,0.0,1.0,0.7146341463414634,0.7500000000000001,0.007099811387300078,0.06248969497114592,0.005772345117487778,0.007247223845704264,0.2099402622940357,0.034465244521840084,0.0
309,0.0,0.0,1.0,0.0,1.0,0.0,0.0,0.0,0.0,1.0,0.6829268292682931,0.706896551724138,0.00840323248432061,0.07139323990107171,0.026595945260948356,0.011221507890122735,0.025100851636037654,0.024125671165288055,0.0
310,0.0,0.0,0.0,1.0,1.0,0.0,0.0,1.0,0.0,0.0,0.6097560975609757,0.7844827586206897,0.022577297982508595,0.06801319043693321,0.038841948454123365,0.04441846873173583,0.1021963245181533,0.1147969689405432,0.0
311,0.0,0.0,1.0,0.0,0.0,1.0,0.0,1.0,0.0,0.0,0.6146341463414633,0.7241379310344828,0.018889382996232856,0.05762572135201978,0.030814612440271207,0.06320046756282875,0.08723980277902287,0.018139602379915833,0.027823240589198037
312,0.0,0.0,0.0,1.0,1.0,0.0,0.0,0.0,1.0,0.0,0.6902439024390243,0.7758620689655173,0.0905238730518966,0.5131904369332234,0.1391836486272754,0.23962594973699589,0.2099402622940357,0.4097282687563489,0.06382978723404256
313,0.0,0.0,0.0,1.0,1.0,0.0,0.0,0.0,1.0,0.0,0.7560975609756098,0.853448275862069,0.05429285571895173,0.31038746908491344,0.0932746234405268,0.08649912331969609,0.14701927386822053,0.152372659991293,0.04255319148936171
314,0.0,0.0,1.0,0.0,1.0,0.0,0.0,0.0,1.0,0.0,0.6097560975609757,0.5517241379310345,0.06726164006154191,0.23124484748557297,0.04073009872619881,0.11104617182933957,0.15620797848498433,0.12498186039762009,0.04418985270049101
315,1.0,0.0,0.0,0.0,1.0,0.0,0.0,0.0,1.0,0.0,0.6707317073170731,0.8017241379310346,0.05708984404949932,0.2588623248145095,0.0768207424981551,0.09351256575102279,0.1751053339309727,0.15650848933391381,0.07855973813420622
